plan_id	machine	grid_instruction	scene_idx	jitter_idx	noise_idx	armsig	kind	sig	pkl_sha256	model	version	ckpt	task	task_id	instruction	env_name	env_seed	inference_seed	episode_idx	success	steps	n_inferences	n_action_steps	chunk_len	has_pkl	jitter_reset_idx	base_lat	base_back	layout_id	style_id	side	lang	legacy	capture_token_mode	feature_kind	feature_axes	record_shape	capture_layers	plan_name	machine_source	ckpt_source	meta_source	rel_path	artifact_slug	artifact_instruction
4fa6496cd684	kanu	PPCC/bread	4	0	0	base	activation	841f4fd042f2f032	841f4fd042f2f0324c56412b9bebd0926c94aa10cdcf709add29eef11fe299ce	lerobot_groot_n15	n15	lerobot_groot_n15__robocasa365_ckpt120000		0	Pick the bread from the counter and place it in the cabinet.	robocasa_panda_omron/PickPlaceCounterToCabinet_PandaOmron_Env	101893	1300000	0	0			5		1	0	0.0	0.0	2	2		Pick the bread from the counter and place it in the cabinet.	0	all_token_full	groot_n15_dit_block_residual_full_tokens_denoise	"[""layer"",""denoise_step"",""model_token"",""feature_dim""]"	[7,4,49,1536]	[0,2,4,8,10,12,15]	n15_topup_ppcc_20260909	grid_coord	meta	meta_json	4fa6496cd684/kanu/PPCC/bread/s4/j0/n0/base	PPCC_bread	PPCC/bread
4fa6496cd684	kanu	PPCC/bread	4	0	1	base	activation	92f0e8ef6a52ce28	92f0e8ef6a52ce2854c14d85d0fc8278de2b39f817e446a295737828ac818f5c	lerobot_groot_n15	n15	lerobot_groot_n15__robocasa365_ckpt120000		0	Pick the bread from the counter and place it in the cabinet.	robocasa_panda_omron/PickPlaceCounterToCabinet_PandaOmron_Env	101893	1300001	0	1			5		1	0	0.0	0.0	2	2		Pick the bread from the counter and place it in the cabinet.	0	all_token_full	groot_n15_dit_block_residual_full_tokens_denoise	"[""layer"",""denoise_step"",""model_token"",""feature_dim""]"	[7,4,49,1536]	[0,2,4,8,10,12,15]	n15_topup_ppcc_20260909	grid_coord	meta	meta_json	4fa6496cd684/kanu/PPCC/bread/s4/j0/n1/base	PPCC_bread	PPCC/bread
4fa6496cd684	kanu	PPCC/bread	4	0	2	base	activation	01220c419ededb0a	01220c419ededb0abe759e7461e2ff9d0eeed9a872e69a27e93e7941be94085b	lerobot_groot_n15	n15	lerobot_groot_n15__robocasa365_ckpt120000		0	Pick the bread from the counter and place it in the cabinet.	robocasa_panda_omron/PickPlaceCounterToCabinet_PandaOmron_Env	101893	1300002	0	0			5		1	0	0.0	0.0	2	2		Pick the bread from the counter and place it in the cabinet.	0	all_token_full	groot_n15_dit_block_residual_full_tokens_denoise	"[""layer"",""denoise_step"",""model_token"",""feature_dim""]"	[7,4,49,1536]	[0,2,4,8,10,12,15]	n15_topup_ppcc_20260909	grid_coord	meta	meta_json	4fa6496cd684/kanu/PPCC/bread/s4/j0/n2/base	PPCC_bread	PPCC/bread
4fa6496cd684	kanu	PPCC/bread	4	0	3	base	activation	44a146f9f68fe484	44a146f9f68fe4848ba34a3643c85910b65f0bfd58d5678535a484b04a508413	lerobot_groot_n15	n15	lerobot_groot_n15__robocasa365_ckpt120000		0	Pick the bread from the counter and place it in the cabinet.	robocasa_panda_omron/PickPlaceCounterToCabinet_PandaOmron_Env	101893	1300003	0	0			5		1	0	0.0	0.0	2	2		Pick the bread from the counter and place it in the cabinet.	0	all_token_full	groot_n15_dit_block_residual_full_tokens_denoise	"[""layer"",""denoise_step"",""model_token"",""feature_dim""]"	[7,4,49,1536]	[0,2,4,8,10,12,15]	n15_topup_ppcc_20260909	grid_coord	meta	meta_json	4fa6496cd684/kanu/PPCC/bread/s4/j0/n3/base	PPCC_bread	PPCC/bread
4fa6496cd684	kanu	PPCC/bread	4	0	4	base	activation	75ccac62571ef116	75ccac62571ef116881df580af07961c775a457535e7f7ea9bbda2b3077f990b	lerobot_groot_n15	n15	lerobot_groot_n15__robocasa365_ckpt120000		0	Pick the bread from the counter and place it in the cabinet.	robocasa_panda_omron/PickPlaceCounterToCabinet_PandaOmron_Env	101893	1300004	0	1			5		1	0	0.0	0.0	2	2		Pick the bread from the counter and place it in the cabinet.	0	all_token_full	groot_n15_dit_block_residual_full_tokens_denoise	"[""layer"",""denoise_step"",""model_token"",""feature_dim""]"	[7,4,49,1536]	[0,2,4,8,10,12,15]	n15_topup_ppcc_20260909	grid_coord	meta	meta_json	4fa6496cd684/kanu/PPCC/bread/s4/j0/n4/base	PPCC_bread	PPCC/bread
4fa6496cd684	kanu	PPCC/bread	4	0	5	base	activation	5dc764922d5d24fe	5dc764922d5d24fe04088bf89ff08586898c169e27144a03938365fb7520bc3e	lerobot_groot_n15	n15	lerobot_groot_n15__robocasa365_ckpt120000		0	Pick the bread from the counter and place it in the cabinet.	robocasa_panda_omron/PickPlaceCounterToCabinet_PandaOmron_Env	101893	1300005	0	1			5		1	0	0.0	0.0	2	2		Pick the bread from the counter and place it in the cabinet.	0	all_token_full	groot_n15_dit_block_residual_full_tokens_denoise	"[""layer"",""denoise_step"",""model_token"",""feature_dim""]"	[7,4,49,1536]	[0,2,4,8,10,12,15]	n15_topup_ppcc_20260909	grid_coord	meta	meta_json	4fa6496cd684/kanu/PPCC/bread/s4/j0/n5/base	PPCC_bread	PPCC/bread
4fa6496cd684	kanu	PPCC/bread	4	0	6	base	activation	a05dedb9fc3ee569	a05dedb9fc3ee569aa36c80201a0815b6b53be5ec0d5b7d160b800580b09eb35	lerobot_groot_n15	n15	lerobot_groot_n15__robocasa365_ckpt120000		0	Pick the bread from the counter and place it in the cabinet.	robocasa_panda_omron/PickPlaceCounterToCabinet_PandaOmron_Env	101893	1300006	0	1			5		1	0	0.0	0.0	2	2		Pick the bread from the counter and place it in the cabinet.	0	all_token_full	groot_n15_dit_block_residual_full_tokens_denoise	"[""layer"",""denoise_step"",""model_token"",""feature_dim""]"	[7,4,49,1536]	[0,2,4,8,10,12,15]	n15_topup_ppcc_20260909	grid_coord	meta	meta_json	4fa6496cd684/kanu/PPCC/bread/s4/j0/n6/base	PPCC_bread	PPCC/bread
4fa6496cd684	kanu	PPCC/bread	4	0	7	base	activation	8a954ea87f7f9c24	8a954ea87f7f9c2489c7712c3dce557d39fe6947855cc20ac6b31f07f7f1515d	lerobot_groot_n15	n15	lerobot_groot_n15__robocasa365_ckpt120000		0	Pick the bread from the counter and place it in the cabinet.	robocasa_panda_omron/PickPlaceCounterToCabinet_PandaOmron_Env	101893	1300007	0	1			5		1	0	0.0	0.0	2	2		Pick the bread from the counter and place it in the cabinet.	0	all_token_full	groot_n15_dit_block_residual_full_tokens_denoise	"[""layer"",""denoise_step"",""model_token"",""feature_dim""]"	[7,4,49,1536]	[0,2,4,8,10,12,15]	n15_topup_ppcc_20260909	grid_coord	meta	meta_json	4fa6496cd684/kanu/PPCC/bread/s4/j0/n7/base	PPCC_bread	PPCC/bread
4fa6496cd684	kanu	PPCC/bread	4	0	8	base	activation	8b3ddc0ea1d850d5	8b3ddc0ea1d850d5883f625616da67ba99962d5d7a06c7ac6d7ed1249403b579	lerobot_groot_n15	n15	lerobot_groot_n15__robocasa365_ckpt120000		0	Pick the bread from the counter and place it in the cabinet.	robocasa_panda_omron/PickPlaceCounterToCabinet_PandaOmron_Env	101893	1300008	0	1			5		1	0	0.0	0.0	2	2		Pick the bread from the counter and place it in the cabinet.	0	all_token_full	groot_n15_dit_block_residual_full_tokens_denoise	"[""layer"",""denoise_step"",""model_token"",""feature_dim""]"	[7,4,49,1536]	[0,2,4,8,10,12,15]	n15_topup_ppcc_20260909	grid_coord	meta	meta_json	4fa6496cd684/kanu/PPCC/bread/s4/j0/n8/base	PPCC_bread	PPCC/bread
4fa6496cd684	kanu	PPCC/bread	4	0	9	base	activation	8570f5006c22494a	8570f5006c22494a79a5d4ec09aeabc77fe1c043d52bf688c7971ee0e1293393	lerobot_groot_n15	n15	lerobot_groot_n15__robocasa365_ckpt120000		0	Pick the bread from the counter and place it in the cabinet.	robocasa_panda_omron/PickPlaceCounterToCabinet_PandaOmron_Env	101893	1300009	0	1			5		1	0	0.0	0.0	2	2		Pick the bread from the counter and place it in the cabinet.	0	all_token_full	groot_n15_dit_block_residual_full_tokens_denoise	"[""layer"",""denoise_step"",""model_token"",""feature_dim""]"	[7,4,49,1536]	[0,2,4,8,10,12,15]	n15_topup_ppcc_20260909	grid_coord	meta	meta_json	4fa6496cd684/kanu/PPCC/bread/s4/j0/n9/base	PPCC_bread	PPCC/bread
4fa6496cd684	kanu	PPCC/bread	4	1	0	base	activation	9ae2758ea0bd2891	9ae2758ea0bd289102f98c8911f16bd6d6f99bd33eff3e6d686740cf5167a3be	lerobot_groot_n15	n15	lerobot_groot_n15__robocasa365_ckpt120000		0	Pick the bread from the counter and place it in the cabinet.	robocasa_panda_omron/PickPlaceCounterToCabinet_PandaOmron_Env	101893	1300000	0	1			5		1	1	0.0	0.0	2	2		Pick the bread from the counter and place it in the cabinet.	0	all_token_full	groot_n15_dit_block_residual_full_tokens_denoise	"[""layer"",""denoise_step"",""model_token"",""feature_dim""]"	[7,4,49,1536]	[0,2,4,8,10,12,15]	n15_topup_ppcc_20260909	grid_coord	meta	meta_json	4fa6496cd684/kanu/PPCC/bread/s4/j1/n0/base	PPCC_bread	PPCC/bread
4fa6496cd684	kanu	PPCC/bread	4	1	1	base	activation	ca41b696a09c70b6	ca41b696a09c70b667ceda23ff962afd3f48d2882509f7cd7cdf9d6f11b07048	lerobot_groot_n15	n15	lerobot_groot_n15__robocasa365_ckpt120000		0	Pick the bread from the counter and place it in the cabinet.	robocasa_panda_omron/PickPlaceCounterToCabinet_PandaOmron_Env	101893	1300001	0	0			5		1	1	0.0	0.0	2	2		Pick the bread from the counter and place it in the cabinet.	0	all_token_full	groot_n15_dit_block_residual_full_tokens_denoise	"[""layer"",""denoise_step"",""model_token"",""feature_dim""]"	[7,4,49,1536]	[0,2,4,8,10,12,15]	n15_topup_ppcc_20260909	grid_coord	meta	meta_json	4fa6496cd684/kanu/PPCC/bread/s4/j1/n1/base	PPCC_bread	PPCC/bread
4fa6496cd684	kanu	PPCC/bread	4	1	2	base	activation	782af7bb0a9cb250	782af7bb0a9cb25027f86b8b7f44143f63dfc29911a6e3ce68391458b0db0600	lerobot_groot_n15	n15	lerobot_groot_n15__robocasa365_ckpt120000		0	Pick the bread from the counter and place it in the cabinet.	robocasa_panda_omron/PickPlaceCounterToCabinet_PandaOmron_Env	101893	1300002	0	0			5		1	1	0.0	0.0	2	2		Pick the bread from the counter and place it in the cabinet.	0	all_token_full	groot_n15_dit_block_residual_full_tokens_denoise	"[""layer"",""denoise_step"",""model_token"",""feature_dim""]"	[7,4,49,1536]	[0,2,4,8,10,12,15]	n15_topup_ppcc_20260909	grid_coord	meta	meta_json	4fa6496cd684/kanu/PPCC/bread/s4/j1/n2/base	PPCC_bread	PPCC/bread
4fa6496cd684	kanu	PPCC/bread	4	1	3	base	activation	5817b22428b0def4	5817b22428b0def4e21bbb2682a6328d60efb095cfecf1ec008612d205d833a7	lerobot_groot_n15	n15	lerobot_groot_n15__robocasa365_ckpt120000		0	Pick the bread from the counter and place it in the cabinet.	robocasa_panda_omron/PickPlaceCounterToCabinet_PandaOmron_Env	101893	1300003	0	1			5		1	1	0.0	0.0	2	2		Pick the bread from the counter and place it in the cabinet.	0	all_token_full	groot_n15_dit_block_residual_full_tokens_denoise	"[""layer"",""denoise_step"",""model_token"",""feature_dim""]"	[7,4,49,1536]	[0,2,4,8,10,12,15]	n15_topup_ppcc_20260909	grid_coord	meta	meta_json	4fa6496cd684/kanu/PPCC/bread/s4/j1/n3/base	PPCC_bread	PPCC/bread
4fa6496cd684	kanu	PPCC/bread	4	1	4	base	activation	db6081e483d1c8f0	db6081e483d1c8f0cc6dd81902d962c986f8bd7b977206cc1ae74dca0a78ad20	lerobot_groot_n15	n15	lerobot_groot_n15__robocasa365_ckpt120000		0	Pick the bread from the counter and place it in the cabinet.	robocasa_panda_omron/PickPlaceCounterToCabinet_PandaOmron_Env	101893	1300004	0	1			5		1	1	0.0	0.0	2	2		Pick the bread from the counter and place it in the cabinet.	0	all_token_full	groot_n15_dit_block_residual_full_tokens_denoise	"[""layer"",""denoise_step"",""model_token"",""feature_dim""]"	[7,4,49,1536]	[0,2,4,8,10,12,15]	n15_topup_ppcc_20260909	grid_coord	meta	meta_json	4fa6496cd684/kanu/PPCC/bread/s4/j1/n4/base	PPCC_bread	PPCC/bread
4fa6496cd684	kanu	PPCC/bread	4	1	5	base	activation	8e7f9a89e690c987	8e7f9a89e690c98755647806e0ccca9311583b39903f72378f83ff1053a91eb2	lerobot_groot_n15	n15	lerobot_groot_n15__robocasa365_ckpt120000		0	Pick the bread from the counter and place it in the cabinet.	robocasa_panda_omron/PickPlaceCounterToCabinet_PandaOmron_Env	101893	1300005	0	1			5		1	1	0.0	0.0	2	2		Pick the bread from the counter and place it in the cabinet.	0	all_token_full	groot_n15_dit_block_residual_full_tokens_denoise	"[""layer"",""denoise_step"",""model_token"",""feature_dim""]"	[7,4,49,1536]	[0,2,4,8,10,12,15]	n15_topup_ppcc_20260909	grid_coord	meta	meta_json	4fa6496cd684/kanu/PPCC/bread/s4/j1/n5/base	PPCC_bread	PPCC/bread
4fa6496cd684	kanu	PPCC/bread	4	1	6	base	activation	ab1f7f1a7fed5173	ab1f7f1a7fed517317d757e854fcf571f17370057dae6e935c16748a2b5fd3f0	lerobot_groot_n15	n15	lerobot_groot_n15__robocasa365_ckpt120000		0	Pick the bread from the counter and place it in the cabinet.	robocasa_panda_omron/PickPlaceCounterToCabinet_PandaOmron_Env	101893	1300006	0	1			5		1	1	0.0	0.0	2	2		Pick the bread from the counter and place it in the cabinet.	0	all_token_full	groot_n15_dit_block_residual_full_tokens_denoise	"[""layer"",""denoise_step"",""model_token"",""feature_dim""]"	[7,4,49,1536]	[0,2,4,8,10,12,15]	n15_topup_ppcc_20260909	grid_coord	meta	meta_json	4fa6496cd684/kanu/PPCC/bread/s4/j1/n6/base	PPCC_bread	PPCC/bread
4fa6496cd684	kanu	PPCC/bread	4	1	7	base	activation	23c4722beeeee304	23c4722beeeee304d7f5261e658ba21af5c8cc9f4580f1489ebe485548cd20e9	lerobot_groot_n15	n15	lerobot_groot_n15__robocasa365_ckpt120000		0	Pick the bread from the counter and place it in the cabinet.	robocasa_panda_omron/PickPlaceCounterToCabinet_PandaOmron_Env	101893	1300007	0	1			5		1	1	0.0	0.0	2	2		Pick the bread from the counter and place it in the cabinet.	0	all_token_full	groot_n15_dit_block_residual_full_tokens_denoise	"[""layer"",""denoise_step"",""model_token"",""feature_dim""]"	[7,4,49,1536]	[0,2,4,8,10,12,15]	n15_topup_ppcc_20260909	grid_coord	meta	meta_json	4fa6496cd684/kanu/PPCC/bread/s4/j1/n7/base	PPCC_bread	PPCC/bread
4fa6496cd684	kanu	PPCC/bread	4	1	8	base	activation	1c0deba7426c4db1	1c0deba7426c4db150a5bd185e817abe1a4207f2243980d9cfc9b419e400a49e	lerobot_groot_n15	n15	lerobot_groot_n15__robocasa365_ckpt120000		0	Pick the bread from the counter and place it in the cabinet.	robocasa_panda_omron/PickPlaceCounterToCabinet_PandaOmron_Env	101893	1300008	0	0			5		1	1	0.0	0.0	2	2		Pick the bread from the counter and place it in the cabinet.	0	all_token_full	groot_n15_dit_block_residual_full_tokens_denoise	"[""layer"",""denoise_step"",""model_token"",""feature_dim""]"	[7,4,49,1536]	[0,2,4,8,10,12,15]	n15_topup_ppcc_20260909	grid_coord	meta	meta_json	4fa6496cd684/kanu/PPCC/bread/s4/j1/n8/base	PPCC_bread	PPCC/bread
4fa6496cd684	kanu	PPCC/bread	4	1	9	base	activation	87c7a3021f7e2081	87c7a3021f7e2081555ecc2dad185aab5d4f1f8c942bbf6561fb4ba6129d5740	lerobot_groot_n15	n15	lerobot_groot_n15__robocasa365_ckpt120000		0	Pick the bread from the counter and place it in the cabinet.	robocasa_panda_omron/PickPlaceCounterToCabinet_PandaOmron_Env	101893	1300009	0	0			5		1	1	0.0	0.0	2	2		Pick the bread from the counter and place it in the cabinet.	0	all_token_full	groot_n15_dit_block_residual_full_tokens_denoise	"[""layer"",""denoise_step"",""model_token"",""feature_dim""]"	[7,4,49,1536]	[0,2,4,8,10,12,15]	n15_topup_ppcc_20260909	grid_coord	meta	meta_json	4fa6496cd684/kanu/PPCC/bread/s4/j1/n9/base	PPCC_bread	PPCC/bread
4fa6496cd684	kanu	PPCC/bread	4	2	0	base	activation	861ff546af49ab03	861ff546af49ab03f494e8e519c68e788cba9e755406c45c584c46d891be084a	lerobot_groot_n15	n15	lerobot_groot_n15__robocasa365_ckpt120000		0	Pick the bread from the counter and place it in the cabinet.	robocasa_panda_omron/PickPlaceCounterToCabinet_PandaOmron_Env	101893	1300000	0	0			5		1	2	0.0	0.0	2	2		Pick the bread from the counter and place it in the cabinet.	0	all_token_full	groot_n15_dit_block_residual_full_tokens_denoise	"[""layer"",""denoise_step"",""model_token"",""feature_dim""]"	[7,4,49,1536]	[0,2,4,8,10,12,15]	n15_topup_ppcc_20260909	grid_coord	meta	meta_json	4fa6496cd684/kanu/PPCC/bread/s4/j2/n0/base	PPCC_bread	PPCC/bread
4fa6496cd684	kanu	PPCC/bread	4	2	1	base	activation	e3fdc956233bb7cd	e3fdc956233bb7cd351a062e0d28dc422ed902a190ea2f45cda54589054bd2ab	lerobot_groot_n15	n15	lerobot_groot_n15__robocasa365_ckpt120000		0	Pick the bread from the counter and place it in the cabinet.	robocasa_panda_omron/PickPlaceCounterToCabinet_PandaOmron_Env	101893	1300001	0	0			5		1	2	0.0	0.0	2	2		Pick the bread from the counter and place it in the cabinet.	0	all_token_full	groot_n15_dit_block_residual_full_tokens_denoise	"[""layer"",""denoise_step"",""model_token"",""feature_dim""]"	[7,4,49,1536]	[0,2,4,8,10,12,15]	n15_topup_ppcc_20260909	grid_coord	meta	meta_json	4fa6496cd684/kanu/PPCC/bread/s4/j2/n1/base	PPCC_bread	PPCC/bread
4fa6496cd684	kanu	PPCC/bread	4	2	2	base	activation	dcde7d8eb784376e	dcde7d8eb784376e4848b332d85fa8d63ceabe4a6e76ef50dd80b0b43d09cd46	lerobot_groot_n15	n15	lerobot_groot_n15__robocasa365_ckpt120000		0	Pick the bread from the counter and place it in the cabinet.	robocasa_panda_omron/PickPlaceCounterToCabinet_PandaOmron_Env	101893	1300002	0	0			5		1	2	0.0	0.0	2	2		Pick the bread from the counter and place it in the cabinet.	0	all_token_full	groot_n15_dit_block_residual_full_tokens_denoise	"[""layer"",""denoise_step"",""model_token"",""feature_dim""]"	[7,4,49,1536]	[0,2,4,8,10,12,15]	n15_topup_ppcc_20260909	grid_coord	meta	meta_json	4fa6496cd684/kanu/PPCC/bread/s4/j2/n2/base	PPCC_bread	PPCC/bread
4fa6496cd684	kanu	PPCC/bread	4	2	3	base	activation	8c2aeb64c711f369	8c2aeb64c711f369203d7a02505c9087f6e7dcb6247430d10af5ac15cf47929d	lerobot_groot_n15	n15	lerobot_groot_n15__robocasa365_ckpt120000		0	Pick the bread from the counter and place it in the cabinet.	robocasa_panda_omron/PickPlaceCounterToCabinet_PandaOmron_Env	101893	1300003	0	0			5		1	2	0.0	0.0	2	2		Pick the bread from the counter and place it in the cabinet.	0	all_token_full	groot_n15_dit_block_residual_full_tokens_denoise	"[""layer"",""denoise_step"",""model_token"",""feature_dim""]"	[7,4,49,1536]	[0,2,4,8,10,12,15]	n15_topup_ppcc_20260909	grid_coord	meta	meta_json	4fa6496cd684/kanu/PPCC/bread/s4/j2/n3/base	PPCC_bread	PPCC/bread
4fa6496cd684	kanu	PPCC/bread	4	2	4	base	activation	337f49861b5524c9	337f49861b5524c940b6df6b97278bf09909f43c942b1266cdd705a1d2428c78	lerobot_groot_n15	n15	lerobot_groot_n15__robocasa365_ckpt120000		0	Pick the bread from the counter and place it in the cabinet.	robocasa_panda_omron/PickPlaceCounterToCabinet_PandaOmron_Env	101893	1300004	0	0			5		1	2	0.0	0.0	2	2		Pick the bread from the counter and place it in the cabinet.	0	all_token_full	groot_n15_dit_block_residual_full_tokens_denoise	"[""layer"",""denoise_step"",""model_token"",""feature_dim""]"	[7,4,49,1536]	[0,2,4,8,10,12,15]	n15_topup_ppcc_20260909	grid_coord	meta	meta_json	4fa6496cd684/kanu/PPCC/bread/s4/j2/n4/base	PPCC_bread	PPCC/bread
4fa6496cd684	kanu	PPCC/bread	4	2	5	base	activation	2fa4062097c5579d	2fa4062097c5579d2243b73281fb7fd91fc9e29cf8fe35344ae7c10bb1d43f90	lerobot_groot_n15	n15	lerobot_groot_n15__robocasa365_ckpt120000		0	Pick the bread from the counter and place it in the cabinet.	robocasa_panda_omron/PickPlaceCounterToCabinet_PandaOmron_Env	101893	1300005	0	1			5		1	2	0.0	0.0	2	2		Pick the bread from the counter and place it in the cabinet.	0	all_token_full	groot_n15_dit_block_residual_full_tokens_denoise	"[""layer"",""denoise_step"",""model_token"",""feature_dim""]"	[7,4,49,1536]	[0,2,4,8,10,12,15]	n15_topup_ppcc_20260909	grid_coord	meta	meta_json	4fa6496cd684/kanu/PPCC/bread/s4/j2/n5/base	PPCC_bread	PPCC/bread
4fa6496cd684	kanu	PPCC/bread	4	2	6	base	activation	0b28ed4861b7632e	0b28ed4861b7632e7f706e12c1018852f3c2983c6e6c3a04e1821233d3e5a4c8	lerobot_groot_n15	n15	lerobot_groot_n15__robocasa365_ckpt120000		0	Pick the bread from the counter and place it in the cabinet.	robocasa_panda_omron/PickPlaceCounterToCabinet_PandaOmron_Env	101893	1300006	0	1			5		1	2	0.0	0.0	2	2		Pick the bread from the counter and place it in the cabinet.	0	all_token_full	groot_n15_dit_block_residual_full_tokens_denoise	"[""layer"",""denoise_step"",""model_token"",""feature_dim""]"	[7,4,49,1536]	[0,2,4,8,10,12,15]	n15_topup_ppcc_20260909	grid_coord	meta	meta_json	4fa6496cd684/kanu/PPCC/bread/s4/j2/n6/base	PPCC_bread	PPCC/bread
4fa6496cd684	kanu	PPCC/bread	4	2	7	base	activation	c74776cf8f35cdde	c74776cf8f35cdde3de1a74ab3f28e75e86d5efac5029bb9309d6a28c1b1c06c	lerobot_groot_n15	n15	lerobot_groot_n15__robocasa365_ckpt120000		0	Pick the bread from the counter and place it in the cabinet.	robocasa_panda_omron/PickPlaceCounterToCabinet_PandaOmron_Env	101893	1300007	0	1			5		1	2	0.0	0.0	2	2		Pick the bread from the counter and place it in the cabinet.	0	all_token_full	groot_n15_dit_block_residual_full_tokens_denoise	"[""layer"",""denoise_step"",""model_token"",""feature_dim""]"	[7,4,49,1536]	[0,2,4,8,10,12,15]	n15_topup_ppcc_20260909	grid_coord	meta	meta_json	4fa6496cd684/kanu/PPCC/bread/s4/j2/n7/base	PPCC_bread	PPCC/bread
4fa6496cd684	kanu	PPCC/bread	4	2	8	base	activation	304f5c1f5f5d386f	304f5c1f5f5d386f80f7e52d6e83203625dc78060d6e1a585f86bf6db5343d39	lerobot_groot_n15	n15	lerobot_groot_n15__robocasa365_ckpt120000		0	Pick the bread from the counter and place it in the cabinet.	robocasa_panda_omron/PickPlaceCounterToCabinet_PandaOmron_Env	101893	1300008	0	1			5		1	2	0.0	0.0	2	2		Pick the bread from the counter and place it in the cabinet.	0	all_token_full	groot_n15_dit_block_residual_full_tokens_denoise	"[""layer"",""denoise_step"",""model_token"",""feature_dim""]"	[7,4,49,1536]	[0,2,4,8,10,12,15]	n15_topup_ppcc_20260909	grid_coord	meta	meta_json	4fa6496cd684/kanu/PPCC/bread/s4/j2/n8/base	PPCC_bread	PPCC/bread
4fa6496cd684	kanu	PPCC/bread	4	2	9	base	activation	94c2d410166ecc78	94c2d410166ecc78cdc5bb9064e5556a5e99d521e96de99fed096813ad3a921b	lerobot_groot_n15	n15	lerobot_groot_n15__robocasa365_ckpt120000		0	Pick the bread from the counter and place it in the cabinet.	robocasa_panda_omron/PickPlaceCounterToCabinet_PandaOmron_Env	101893	1300009	0	1			5		1	2	0.0	0.0	2	2		Pick the bread from the counter and place it in the cabinet.	0	all_token_full	groot_n15_dit_block_residual_full_tokens_denoise	"[""layer"",""denoise_step"",""model_token"",""feature_dim""]"	[7,4,49,1536]	[0,2,4,8,10,12,15]	n15_topup_ppcc_20260909	grid_coord	meta	meta_json	4fa6496cd684/kanu/PPCC/bread/s4/j2/n9/base	PPCC_bread	PPCC/bread
4fa6496cd684	kanu	PPCC/bread	4	3	0	base	activation	6a1525a376202490	6a1525a376202490a8ceb9cec3efc16b84ed641f0fb5e14ede565c983a5427e8	lerobot_groot_n15	n15	lerobot_groot_n15__robocasa365_ckpt120000		0	Pick the bread from the counter and place it in the cabinet.	robocasa_panda_omron/PickPlaceCounterToCabinet_PandaOmron_Env	101893	1300000	0	1			5		1	3	0.0	0.0	2	2		Pick the bread from the counter and place it in the cabinet.	0	all_token_full	groot_n15_dit_block_residual_full_tokens_denoise	"[""layer"",""denoise_step"",""model_token"",""feature_dim""]"	[7,4,49,1536]	[0,2,4,8,10,12,15]	n15_topup_ppcc_20260909	grid_coord	meta	meta_json	4fa6496cd684/kanu/PPCC/bread/s4/j3/n0/base	PPCC_bread	PPCC/bread
4fa6496cd684	kanu	PPCC/bread	4	3	1	base	activation	942c308ae0ad00ef	942c308ae0ad00ef0b8e6f89723f0e684de08c7dd472bbcfb32481e7cb74849b	lerobot_groot_n15	n15	lerobot_groot_n15__robocasa365_ckpt120000		0	Pick the bread from the counter and place it in the cabinet.	robocasa_panda_omron/PickPlaceCounterToCabinet_PandaOmron_Env	101893	1300001	0	1			5		1	3	0.0	0.0	2	2		Pick the bread from the counter and place it in the cabinet.	0	all_token_full	groot_n15_dit_block_residual_full_tokens_denoise	"[""layer"",""denoise_step"",""model_token"",""feature_dim""]"	[7,4,49,1536]	[0,2,4,8,10,12,15]	n15_topup_ppcc_20260909	grid_coord	meta	meta_json	4fa6496cd684/kanu/PPCC/bread/s4/j3/n1/base	PPCC_bread	PPCC/bread
4fa6496cd684	kanu	PPCC/bread	4	3	2	base	activation	a0a036d53da37277	a0a036d53da37277f5ba58454f0964127384ac9bf566c0ff8ce5222c77f06d4e	lerobot_groot_n15	n15	lerobot_groot_n15__robocasa365_ckpt120000		0	Pick the bread from the counter and place it in the cabinet.	robocasa_panda_omron/PickPlaceCounterToCabinet_PandaOmron_Env	101893	1300002	0	0			5		1	3	0.0	0.0	2	2		Pick the bread from the counter and place it in the cabinet.	0	all_token_full	groot_n15_dit_block_residual_full_tokens_denoise	"[""layer"",""denoise_step"",""model_token"",""feature_dim""]"	[7,4,49,1536]	[0,2,4,8,10,12,15]	n15_topup_ppcc_20260909	grid_coord	meta	meta_json	4fa6496cd684/kanu/PPCC/bread/s4/j3/n2/base	PPCC_bread	PPCC/bread
4fa6496cd684	kanu	PPCC/bread	4	3	3	base	activation	6263e45890862b30	6263e45890862b300fdf77c972cb998ff9f3aec7c5b9e5b3aafaeefd14fbddff	lerobot_groot_n15	n15	lerobot_groot_n15__robocasa365_ckpt120000		0	Pick the bread from the counter and place it in the cabinet.	robocasa_panda_omron/PickPlaceCounterToCabinet_PandaOmron_Env	101893	1300003	0	1			5		1	3	0.0	0.0	2	2		Pick the bread from the counter and place it in the cabinet.	0	all_token_full	groot_n15_dit_block_residual_full_tokens_denoise	"[""layer"",""denoise_step"",""model_token"",""feature_dim""]"	[7,4,49,1536]	[0,2,4,8,10,12,15]	n15_topup_ppcc_20260909	grid_coord	meta	meta_json	4fa6496cd684/kanu/PPCC/bread/s4/j3/n3/base	PPCC_bread	PPCC/bread
4fa6496cd684	kanu	PPCC/bread	4	3	4	base	activation	87ff0392db43de13	87ff0392db43de13ee6697830266dda5af2530158e96954239af82f25af35845	lerobot_groot_n15	n15	lerobot_groot_n15__robocasa365_ckpt120000		0	Pick the bread from the counter and place it in the cabinet.	robocasa_panda_omron/PickPlaceCounterToCabinet_PandaOmron_Env	101893	1300004	0	1			5		1	3	0.0	0.0	2	2		Pick the bread from the counter and place it in the cabinet.	0	all_token_full	groot_n15_dit_block_residual_full_tokens_denoise	"[""layer"",""denoise_step"",""model_token"",""feature_dim""]"	[7,4,49,1536]	[0,2,4,8,10,12,15]	n15_topup_ppcc_20260909	grid_coord	meta	meta_json	4fa6496cd684/kanu/PPCC/bread/s4/j3/n4/base	PPCC_bread	PPCC/bread
4fa6496cd684	kanu	PPCC/bread	4	3	5	base	activation	a8708ae86bde1fd3	a8708ae86bde1fd3d574cd4015e3dcb31770b5ca452af034a73b023b036cf99f	lerobot_groot_n15	n15	lerobot_groot_n15__robocasa365_ckpt120000		0	Pick the bread from the counter and place it in the cabinet.	robocasa_panda_omron/PickPlaceCounterToCabinet_PandaOmron_Env	101893	1300005	0	1			5		1	3	0.0	0.0	2	2		Pick the bread from the counter and place it in the cabinet.	0	all_token_full	groot_n15_dit_block_residual_full_tokens_denoise	"[""layer"",""denoise_step"",""model_token"",""feature_dim""]"	[7,4,49,1536]	[0,2,4,8,10,12,15]	n15_topup_ppcc_20260909	grid_coord	meta	meta_json	4fa6496cd684/kanu/PPCC/bread/s4/j3/n5/base	PPCC_bread	PPCC/bread
4fa6496cd684	kanu	PPCC/bread	4	3	6	base	activation	4811887505865ff6	4811887505865ff63deeb59d852402094e578dbcf128a0c2f1056a51a5a24879	lerobot_groot_n15	n15	lerobot_groot_n15__robocasa365_ckpt120000		0	Pick the bread from the counter and place it in the cabinet.	robocasa_panda_omron/PickPlaceCounterToCabinet_PandaOmron_Env	101893	1300006	0	1			5		1	3	0.0	0.0	2	2		Pick the bread from the counter and place it in the cabinet.	0	all_token_full	groot_n15_dit_block_residual_full_tokens_denoise	"[""layer"",""denoise_step"",""model_token"",""feature_dim""]"	[7,4,49,1536]	[0,2,4,8,10,12,15]	n15_topup_ppcc_20260909	grid_coord	meta	meta_json	4fa6496cd684/kanu/PPCC/bread/s4/j3/n6/base	PPCC_bread	PPCC/bread
4fa6496cd684	kanu	PPCC/bread	4	3	7	base	activation	bc06b1f607240fda	bc06b1f607240fda75d112c7e277bc4a278bd990c5c809b37836c74a98ab55b4	lerobot_groot_n15	n15	lerobot_groot_n15__robocasa365_ckpt120000		0	Pick the bread from the counter and place it in the cabinet.	robocasa_panda_omron/PickPlaceCounterToCabinet_PandaOmron_Env	101893	1300007	0	1			5		1	3	0.0	0.0	2	2		Pick the bread from the counter and place it in the cabinet.	0	all_token_full	groot_n15_dit_block_residual_full_tokens_denoise	"[""layer"",""denoise_step"",""model_token"",""feature_dim""]"	[7,4,49,1536]	[0,2,4,8,10,12,15]	n15_topup_ppcc_20260909	grid_coord	meta	meta_json	4fa6496cd684/kanu/PPCC/bread/s4/j3/n7/base	PPCC_bread	PPCC/bread
4fa6496cd684	kanu	PPCC/bread	4	3	8	base	activation	66b04fa5732441be	66b04fa5732441be2dd8c985b357541ff519a1b03fedd4e638f84474f085d74d	lerobot_groot_n15	n15	lerobot_groot_n15__robocasa365_ckpt120000		0	Pick the bread from the counter and place it in the cabinet.	robocasa_panda_omron/PickPlaceCounterToCabinet_PandaOmron_Env	101893	1300008	0	1			5		1	3	0.0	0.0	2	2		Pick the bread from the counter and place it in the cabinet.	0	all_token_full	groot_n15_dit_block_residual_full_tokens_denoise	"[""layer"",""denoise_step"",""model_token"",""feature_dim""]"	[7,4,49,1536]	[0,2,4,8,10,12,15]	n15_topup_ppcc_20260909	grid_coord	meta	meta_json	4fa6496cd684/kanu/PPCC/bread/s4/j3/n8/base	PPCC_bread	PPCC/bread
4fa6496cd684	kanu	PPCC/bread	4	3	9	base	activation	1116c8adb714d61f	1116c8adb714d61f70e7afa519864f0d16b0a72b65a9fd65d4a129a173e1f88f	lerobot_groot_n15	n15	lerobot_groot_n15__robocasa365_ckpt120000		0	Pick the bread from the counter and place it in the cabinet.	robocasa_panda_omron/PickPlaceCounterToCabinet_PandaOmron_Env	101893	1300009	0	0			5		1	3	0.0	0.0	2	2		Pick the bread from the counter and place it in the cabinet.	0	all_token_full	groot_n15_dit_block_residual_full_tokens_denoise	"[""layer"",""denoise_step"",""model_token"",""feature_dim""]"	[7,4,49,1536]	[0,2,4,8,10,12,15]	n15_topup_ppcc_20260909	grid_coord	meta	meta_json	4fa6496cd684/kanu/PPCC/bread/s4/j3/n9/base	PPCC_bread	PPCC/bread
4fa6496cd684	kanu	PPCC/bread	4	4	0	base	activation	e9968f10c9c72e8e	e9968f10c9c72e8e3a05cff6b2a80e13b35e9906a82b50d59a3fa35ac4e32a6b	lerobot_groot_n15	n15	lerobot_groot_n15__robocasa365_ckpt120000		0	Pick the bread from the counter and place it in the cabinet.	robocasa_panda_omron/PickPlaceCounterToCabinet_PandaOmron_Env	101893	1300000	0	0			5		1	4	0.0	0.0	2	2		Pick the bread from the counter and place it in the cabinet.	0	all_token_full	groot_n15_dit_block_residual_full_tokens_denoise	"[""layer"",""denoise_step"",""model_token"",""feature_dim""]"	[7,4,49,1536]	[0,2,4,8,10,12,15]	n15_topup_ppcc_20260909	grid_coord	meta	meta_json	4fa6496cd684/kanu/PPCC/bread/s4/j4/n0/base	PPCC_bread	PPCC/bread
4fa6496cd684	kanu	PPCC/bread	4	4	1	base	activation	a63d8e3947c82d9c	a63d8e3947c82d9c8659f38eaef836f101ebd536437107b2bd900af7081c3db2	lerobot_groot_n15	n15	lerobot_groot_n15__robocasa365_ckpt120000		0	Pick the bread from the counter and place it in the cabinet.	robocasa_panda_omron/PickPlaceCounterToCabinet_PandaOmron_Env	101893	1300001	0	0			5		1	4	0.0	0.0	2	2		Pick the bread from the counter and place it in the cabinet.	0	all_token_full	groot_n15_dit_block_residual_full_tokens_denoise	"[""layer"",""denoise_step"",""model_token"",""feature_dim""]"	[7,4,49,1536]	[0,2,4,8,10,12,15]	n15_topup_ppcc_20260909	grid_coord	meta	meta_json	4fa6496cd684/kanu/PPCC/bread/s4/j4/n1/base	PPCC_bread	PPCC/bread
4fa6496cd684	kanu	PPCC/bread	4	4	2	base	activation	c211ba0e721f5ecb	c211ba0e721f5ecb9a5da32ed1fef0fc46b6c72133fcdc213f7446c78d3d78db	lerobot_groot_n15	n15	lerobot_groot_n15__robocasa365_ckpt120000		0	Pick the bread from the counter and place it in the cabinet.	robocasa_panda_omron/PickPlaceCounterToCabinet_PandaOmron_Env	101893	1300002	0	0			5		1	4	0.0	0.0	2	2		Pick the bread from the counter and place it in the cabinet.	0	all_token_full	groot_n15_dit_block_residual_full_tokens_denoise	"[""layer"",""denoise_step"",""model_token"",""feature_dim""]"	[7,4,49,1536]	[0,2,4,8,10,12,15]	n15_topup_ppcc_20260909	grid_coord	meta	meta_json	4fa6496cd684/kanu/PPCC/bread/s4/j4/n2/base	PPCC_bread	PPCC/bread
4fa6496cd684	kanu	PPCC/bread	4	4	3	base	activation	aaca9d3e6f106bd1	aaca9d3e6f106bd1c41e9b759357997471fda666ef6b9f4be3523697ddb0f940	lerobot_groot_n15	n15	lerobot_groot_n15__robocasa365_ckpt120000		0	Pick the bread from the counter and place it in the cabinet.	robocasa_panda_omron/PickPlaceCounterToCabinet_PandaOmron_Env	101893	1300003	0	0			5		1	4	0.0	0.0	2	2		Pick the bread from the counter and place it in the cabinet.	0	all_token_full	groot_n15_dit_block_residual_full_tokens_denoise	"[""layer"",""denoise_step"",""model_token"",""feature_dim""]"	[7,4,49,1536]	[0,2,4,8,10,12,15]	n15_topup_ppcc_20260909	grid_coord	meta	meta_json	4fa6496cd684/kanu/PPCC/bread/s4/j4/n3/base	PPCC_bread	PPCC/bread
4fa6496cd684	kanu	PPCC/bread	4	4	4	base	activation	372d1eb03d103469	372d1eb03d103469ceab5f76129b9c1d9247f336178c79c1233b297f198ca096	lerobot_groot_n15	n15	lerobot_groot_n15__robocasa365_ckpt120000		0	Pick the bread from the counter and place it in the cabinet.	robocasa_panda_omron/PickPlaceCounterToCabinet_PandaOmron_Env	101893	1300004	0	0			5		1	4	0.0	0.0	2	2		Pick the bread from the counter and place it in the cabinet.	0	all_token_full	groot_n15_dit_block_residual_full_tokens_denoise	"[""layer"",""denoise_step"",""model_token"",""feature_dim""]"	[7,4,49,1536]	[0,2,4,8,10,12,15]	n15_topup_ppcc_20260909	grid_coord	meta	meta_json	4fa6496cd684/kanu/PPCC/bread/s4/j4/n4/base	PPCC_bread	PPCC/bread
4fa6496cd684	kanu	PPCC/bread	4	4	5	base	activation	a8e1473ddb867a17	a8e1473ddb867a17eb500133baaa543d297c2997b77f0b7aa471eab90dc321b1	lerobot_groot_n15	n15	lerobot_groot_n15__robocasa365_ckpt120000		0	Pick the bread from the counter and place it in the cabinet.	robocasa_panda_omron/PickPlaceCounterToCabinet_PandaOmron_Env	101893	1300005	0	0			5		1	4	0.0	0.0	2	2		Pick the bread from the counter and place it in the cabinet.	0	all_token_full	groot_n15_dit_block_residual_full_tokens_denoise	"[""layer"",""denoise_step"",""model_token"",""feature_dim""]"	[7,4,49,1536]	[0,2,4,8,10,12,15]	n15_topup_ppcc_20260909	grid_coord	meta	meta_json	4fa6496cd684/kanu/PPCC/bread/s4/j4/n5/base	PPCC_bread	PPCC/bread
4fa6496cd684	kanu	PPCC/bread	4	4	6	base	activation	257b7d9cf76b2cfb	257b7d9cf76b2cfb783e0f9075d7c8e7d22c47c93b2694ab7f8efd314f050d22	lerobot_groot_n15	n15	lerobot_groot_n15__robocasa365_ckpt120000		0	Pick the bread from the counter and place it in the cabinet.	robocasa_panda_omron/PickPlaceCounterToCabinet_PandaOmron_Env	101893	1300006	0	0			5		1	4	0.0	0.0	2	2		Pick the bread from the counter and place it in the cabinet.	0	all_token_full	groot_n15_dit_block_residual_full_tokens_denoise	"[""layer"",""denoise_step"",""model_token"",""feature_dim""]"	[7,4,49,1536]	[0,2,4,8,10,12,15]	n15_topup_ppcc_20260909	grid_coord	meta	meta_json	4fa6496cd684/kanu/PPCC/bread/s4/j4/n6/base	PPCC_bread	PPCC/bread
4fa6496cd684	kanu	PPCC/bread	4	4	7	base	activation	e82c0c9c2be54427	e82c0c9c2be54427241f6a53226e830a17724c76a5ce7ec39766d5c82542092f	lerobot_groot_n15	n15	lerobot_groot_n15__robocasa365_ckpt120000		0	Pick the bread from the counter and place it in the cabinet.	robocasa_panda_omron/PickPlaceCounterToCabinet_PandaOmron_Env	101893	1300007	0	0			5		1	4	0.0	0.0	2	2		Pick the bread from the counter and place it in the cabinet.	0	all_token_full	groot_n15_dit_block_residual_full_tokens_denoise	"[""layer"",""denoise_step"",""model_token"",""feature_dim""]"	[7,4,49,1536]	[0,2,4,8,10,12,15]	n15_topup_ppcc_20260909	grid_coord	meta	meta_json	4fa6496cd684/kanu/PPCC/bread/s4/j4/n7/base	PPCC_bread	PPCC/bread
4fa6496cd684	kanu	PPCC/bread	4	4	8	base	activation	66ea1e2ba24ce2e3	66ea1e2ba24ce2e30fa03b3f43dbdf70460f5e7d80fb6879564d23257ea3ff0b	lerobot_groot_n15	n15	lerobot_groot_n15__robocasa365_ckpt120000		0	Pick the bread from the counter and place it in the cabinet.	robocasa_panda_omron/PickPlaceCounterToCabinet_PandaOmron_Env	101893	1300008	0	0			5		1	4	0.0	0.0	2	2		Pick the bread from the counter and place it in the cabinet.	0	all_token_full	groot_n15_dit_block_residual_full_tokens_denoise	"[""layer"",""denoise_step"",""model_token"",""feature_dim""]"	[7,4,49,1536]	[0,2,4,8,10,12,15]	n15_topup_ppcc_20260909	grid_coord	meta	meta_json	4fa6496cd684/kanu/PPCC/bread/s4/j4/n8/base	PPCC_bread	PPCC/bread
4fa6496cd684	kanu	PPCC/bread	4	4	9	base	activation	c62b46f1293310b5	c62b46f1293310b5f6498d8b01a8d72541c38592c8e9945141dbeec5a745a976	lerobot_groot_n15	n15	lerobot_groot_n15__robocasa365_ckpt120000		0	Pick the bread from the counter and place it in the cabinet.	robocasa_panda_omron/PickPlaceCounterToCabinet_PandaOmron_Env	101893	1300009	0	0			5		1	4	0.0	0.0	2	2		Pick the bread from the counter and place it in the cabinet.	0	all_token_full	groot_n15_dit_block_residual_full_tokens_denoise	"[""layer"",""denoise_step"",""model_token"",""feature_dim""]"	[7,4,49,1536]	[0,2,4,8,10,12,15]	n15_topup_ppcc_20260909	grid_coord	meta	meta_json	4fa6496cd684/kanu/PPCC/bread/s4/j4/n9/base	PPCC_bread	PPCC/bread
