model	cell	layer	phase	var_z	var_gain	mean_z	mean_auroc	kl_z	kl_mean_z	kl_cov_z	kl_total	kl_mean_term	kl_cov_term	mean_frac	k	quota	n_rec_s	n_rec_f	n_eps_s	n_eps_f	dwell_cap	alpha	skip_reason
n15	exp41_mixer	0	__global__	-0.107984	0.16592	0.868588	0.558306	0.491829	-0.418908	0.716212	3.75587	0.470914	3.28495	0.125381	32	0.095613	556	682	19	11	62	1	
n15	exp41_mixer	0	contact-head	-1.66053	0.140073	0.533199	0.674595	0.864707	0.044274	1.60424	1.27349	0.558044	0.715442	0.438202	7	0.0156852	109	162	19	11	20	1	
n15	exp41_mixer	0	disengage													0.00160392	41	149	6	10	16		quota 미달 (rec 41/149, eps 6/10)
n15	exp41_mixer	0	lift-open	2.40999	0.19792	0.991181	0.662233	1.45649	0.785872	1.28014	0.997012	0.470942	0.52607	0.472354	12	0.073495	214	78	19	10	16	1	
n15	exp41_mixer	0	push-down													0.0121237	72	66	2	8	71		quota 미달 (rec 72/66, eps 2/8)
n15	exp41_mixer	0	reach-to-head	-1.01174	0.145145	-0.00774652	0.664944	1.08037	0.684496	0.785551	1.00373	0.647447	0.356282	0.645042	13	0.0229929	152	126	18	10	14	1	
n15	exp41_mixer	2	__global__	-1.03944	0.146369	0.437331	0.550558	0.051226	2.25743	-1.55063	4.76422	2.72698	2.03724	0.572387	32	0.0950585	556	682	19	11	62	1	
n15	exp41_mixer	2	contact-head	-2.23826	0.106436	0.964713	0.776362	0.00570984	-0.182521	0.400961	1.25847	0.710898	0.547576	0.564889	15	0.0063378	109	162	19	11	20	1	
n15	exp41_mixer	2	disengage													0.00113547	41	149	6	10	16		quota 미달 (rec 41/149, eps 6/10)
n15	exp41_mixer	2	lift-open	1.05561	0.198034	-0.149901	0.731608	-1.19775	-0.574636	-1.49819	0.404158	0.32276	0.0813987	0.798597	4	0.0832301	214	78	19	10	16	1	
n15	exp41_mixer	2	push-down													0.00983062	72	66	2	8	71		quota 미달 (rec 72/66, eps 2/8)
n15	exp41_mixer	2	reach-to-head	-0.865429	0.139815	1.25568	0.778561	1.25683	0.240408	2.27057	1.37901	0.581175	0.797839	0.421443	6	0.013594	152	126	18	10	14	1	
n15	exp41_mixer	4	__global__	-1.70082	0.11521	0.918248	0.586827	2.81134	4.13124	0.692968	10.9528	6.82848	4.12432	0.623446	32	0.0823036	556	682	19	11	62	1	
n15	exp41_mixer	4	contact-head	-1.99373	0.0817707	0.860531	0.802582	0.0552234	-0.456778	0.698058	1.93575	0.512394	1.42335	0.264701	10	0.00424535	109	162	19	11	20	1	
n15	exp41_mixer	4	disengage													0.00109558	41	149	6	10	16		quota 미달 (rec 41/149, eps 6/10)
n15	exp41_mixer	4	lift-open	3.41094	0.221183	-0.117068	0.766475	-0.451162	0.349678	-1.51641	0.777015	0.650449	0.126567	0.837112	4	0.0849939	214	78	19	10	16	1	
n15	exp41_mixer	4	push-down													0.00896377	72	66	2	8	71		quota 미달 (rec 72/66, eps 2/8)
n15	exp41_mixer	4	reach-to-head	-1.19142	0.0935293	0.871364	0.784096	2.44805	1.52747	2.48788	2.6763	1.61705	1.05925	0.604211	11	0.00990206	152	126	18	10	14	1	
n15	exp41_mixer	8	__global__	-3.112	0.0842854	2.45404	0.669814	1.50829	0.32508	3.0644	18.6083	6.10619	12.5021	0.328144	32	0.0536644	556	682	19	11	62	1	
n15	exp41_mixer	8	contact-head	-1.59109	0.046551	0.617421	0.810851	-0.87202	-0.692618	-1.2665	1.46298	0.734555	0.728425	0.502095	5	0.00265041	109	162	19	11	20	1	
n15	exp41_mixer	8	disengage													0.00105793	41	149	6	10	16		quota 미달 (rec 41/149, eps 6/10)
n15	exp41_mixer	8	lift-open	0.169785	0.0956309	-0.0637765	0.79601	0.0850016	0.296401	-0.27997	2.19687	1.20948	0.987384	0.550549	6	0.0863971	214	78	19	10	16	1	
n15	exp41_mixer	8	push-down													0.00761636	72	66	2	8	71		quota 미달 (rec 72/66, eps 2/8)
n15	exp41_mixer	8	reach-to-head	-1.77315	0.054981	0.298963	0.770677	0.128879	0.126689	0.112228	2.90881	1.36324	1.54557	0.46866	10	0.00589054	152	126	18	10	14	1	
n15	exp41_mixer	10	__global__	-2.58311	0.0728641	1.71141	0.679732	6.18414	4.75726	5.92629	37.9563	14.2745	23.6818	0.376078	32	0.0443614	556	682	19	11	62	1	
n15	exp41_mixer	10	contact-head	-1.84779	0.0246839	0.468641	0.785366	0.392032	0.46972	0.237218	7.10051	3.65387	3.44664	0.514593	11	0.00226052	109	162	19	11	20	1	
n15	exp41_mixer	10	disengage													0.00104644	41	149	6	10	16		quota 미달 (rec 41/149, eps 6/10)
n15	exp41_mixer	10	lift-open	3.04735	0.128225	-0.691453	0.743949	-0.818201	-0.436954	-1.30333	1.36324	0.925672	0.437566	0.679025	5	0.0866835	214	78	19	10	16	1	
n15	exp41_mixer	10	push-down													0.00742554	72	66	2	8	71		quota 미달 (rec 72/66, eps 2/8)
n15	exp41_mixer	10	reach-to-head	-0.974181	0.0552393	0.46129	0.755482	1.2554	1.65858	0.644597	5.50007	2.91365	2.58642	0.529748	13	0.00483968	152	126	18	10	14	1	
n15	exp41_mixer	12	__global__	-4.12385	0.0734284	1.85781	0.687573	-0.420667	-0.129026	-0.643676	14.2019	5.82178	8.38015	0.409929	32	0.0353172	556	682	19	11	62	1	
n15	exp41_mixer	12	contact-head	-2.50136	0.0149536	0.561061	0.79573	3.41034	4.12966	0.379116	26.8398	22.2262	4.61357	0.828107	5	0.00193169	109	162	19	11	20	1	
n15	exp41_mixer	12	disengage													0.00103757	41	149	6	10	16		quota 미달 (rec 41/149, eps 6/10)
n15	exp41_mixer	12	lift-open	0.844577	0.0918482	-0.265436	0.767314	-0.302348	-0.539907	0.222011	3.34351	1.08341	2.2601	0.324035	12	0.0868784	214	78	19	10	16	1	
n15	exp41_mixer	12	push-down													0.00694955	72	66	2	8	71		quota 미달 (rec 72/66, eps 2/8)
n15	exp41_mixer	12	reach-to-head	-0.991566	0.0566912	0.672078	0.766186	1.92185	1.80082	1.48128	5.92344	2.30461	3.61884	0.389065	11	0.00380385	152	126	18	10	14	1	
n15	exp41_mixer	15	__global__	-1.62031	0.0457815	2.58461	0.615474	-0.311571	-0.0734826	-0.520428	23.2969	10.7344	12.5624	0.460767	32	0.0281041	556	682	19	11	62	0.1	
n15	exp41_mixer	15	contact-head	-1.82813	0.0351875	1.54204	0.739948	1.10377	1.47644	0.27725	11.011	7.59062	3.42033	0.68937	10	0.00165533	109	162	19	11	20	0.1	
n15	exp41_mixer	15	disengage													0.0010187	41	149	6	10	16		quota 미달 (rec 41/149, eps 6/10)
n15	exp41_mixer	15	lift-open	-0.465375	0.0548083	0.146936	0.6844	0.807514	1.08552	0.447865	5.6565	3.041	2.6155	0.537612	15	0.0870168	214	78	19	10	16	0.3	
n15	exp41_mixer	15	push-down													0.00635187	72	66	2	8	71		quota 미달 (rec 72/66, eps 2/8)
n15	exp41_mixer	15	reach-to-head	-0.107499	0.058853	1.28209	0.689327	2.30817	2.30889	1.63378	17.7065	11.9177	5.78885	0.673067	12	0.00308997	152	126	18	10	14	0.1	
n15	pq3_drawer_left	0	__global__	1.15716	0.163797	4.52374	0.630244	-0.22499	1.34566	-0.674029	2.49905	0.496049	2.003	0.198495	32	0.0937137	674	663	17	13	51	1	
n15	pq3_drawer_left	0	disengage																				성공 dwell 없음
n15	pq3_drawer_left	0	grasp-handle	1.99982	0.175298	2.0122	0.680326	0.301045	-0.876316	2.14255	0.852289	0.291745	0.560544	0.342307	14	0.0345097	192	151	17	12	16	1	
n15	pq3_drawer_left	0	pull													0.0891545	160	10	17	1	13		quota 미달 (rec 160/10, eps 17/1)
n15	pq3_drawer_left	0	push-back													0.00104289	4	3	2	1	3		quota 미달 (rec 4/3, eps 2/1)
n15	pq3_drawer_left	0	reach-to-handle	-1.39579	0.136366	1.75387	0.637493	-0.0775039	0.674527	-0.693422	3.34188	1.00411	2.33777	0.300463	32	0.0535245	309	343	17	13	27	1	
n15	pq3_drawer_left	2	__global__	-0.345705	0.121084	5.39222	0.674412	0.781713	0.636581	0.635792	3.4482	0.633868	2.81433	0.183826	32	0.0900089	674	663	17	13	51	1	
n15	pq3_drawer_left	2	disengage																				성공 dwell 없음
n15	pq3_drawer_left	2	grasp-handle	0.577066	0.129132	3.53972	0.75852	0.668271	0.626228	0.209224	1.17908	0.844034	0.335048	0.71584	14	0.0229537	192	151	17	12	16	1	
n15	pq3_drawer_left	2	pull													0.0971328	160	10	17	1	13		quota 미달 (rec 160/10, eps 17/1)
n15	pq3_drawer_left	2	push-back													0.00104918	4	3	2	1	3		quota 미달 (rec 4/3, eps 2/1)
n15	pq3_drawer_left	2	reach-to-handle	-1.95927	0.0934592	3.68003	0.727844	1.49227	1.51865	1.26089	6.53104	2.00727	4.52376	0.307344	32	0.0348139	309	343	17	13	27	1	
n15	pq3_drawer_left	4	__global__	-0.813256	0.106802	3.12099	0.605782	4.36983	5.58642	0.948725	5.61209	2.33948	3.27261	0.416864	32	0.0760384	674	663	17	13	51	1	
n15	pq3_drawer_left	4	disengage																				성공 dwell 없음
n15	pq3_drawer_left	4	grasp-handle	-0.0616906	0.104156	2.36704	0.780388	-0.943082	-0.865187	-0.620588	0.592617	0.281069	0.311548	0.474284	9	0.0183883	192	151	17	12	16	1	
n15	pq3_drawer_left	4	pull													0.0990629	160	10	17	1	13		quota 미달 (rec 160/10, eps 17/1)
n15	pq3_drawer_left	4	push-back													0.00107144	4	3	2	1	3		quota 미달 (rec 4/3, eps 2/1)
n15	pq3_drawer_left	4	reach-to-handle	-2.22735	0.0738103	1.87341	0.730882	3.37039	6.53866	0.322256	8.57296	4.45068	4.12228	0.519153	32	0.0245417	309	343	17	13	27	1	
n15	pq3_drawer_left	8	__global__	-1.93967	0.0799638	5.40633	0.727225	1.11193	1.16534	0.816932	9.55863	3.35811	6.20052	0.351317	32	0.0493003	674	663	17	13	51	1	
n15	pq3_drawer_left	8	disengage																				성공 dwell 없음
n15	pq3_drawer_left	8	grasp-handle	0.526206	0.0752633	1.68667	0.797703	2.50411	1.87699	1.62273	3.78447	2.013	1.77147	0.531911	16	0.0117957	192	151	17	12	16	1	
n15	pq3_drawer_left	8	pull													0.100364	160	10	17	1	13		quota 미달 (rec 160/10, eps 17/1)
n15	pq3_drawer_left	8	push-back													0.00107068	4	3	2	1	3		quota 미달 (rec 4/3, eps 2/1)
n15	pq3_drawer_left	8	reach-to-handle	-1.59929	0.0637494	1.26095	0.743997	0.713574	0.832585	0.617345	15.5605	5.03527	10.5252	0.323593	32	0.0140342	309	343	17	13	27	1	
n15	pq3_drawer_left	10	__global__	-0.909526	0.0707897	5.60471	0.721431	4.61298	4.32579	4.53064	23.1508	8.92254	14.2282	0.38541	32	0.0401564	674	663	17	13	51	1	
n15	pq3_drawer_left	10	disengage																				성공 dwell 없음
n15	pq3_drawer_left	10	grasp-handle	0.549407	0.0616221	1.61443	0.793564	0.440743	2.37058	-1.34538	3.29069	2.2779	1.01278	0.692228	8	0.00938456	192	151	17	12	16	1	
n15	pq3_drawer_left	10	pull													0.100713	160	10	17	1	13		quota 미달 (rec 160/10, eps 17/1)
n15	pq3_drawer_left	10	push-back													0.00106233	4	3	2	1	3		quota 미달 (rec 4/3, eps 2/1)
n15	pq3_drawer_left	10	reach-to-handle	-2.78235	0.0475863	1.45709	0.746365	4.9232	6.09844	3.95518	52.4227	21.9037	30.519	0.417829	32	0.011203	309	343	17	13	27	1	
n15	pq3_drawer_left	12	__global__	-0.470605	0.0855682	5.54025	0.7205	2.94505	3.51076	1.93415	23.7207	10.345	13.3758	0.436115	32	0.0317607	674	663	17	13	51	1	
n15	pq3_drawer_left	12	disengage																				성공 dwell 없음
n15	pq3_drawer_left	12	grasp-handle	0.740753	0.0631654	1.53963	0.795737	0.482628	1.62191	-0.331648	4.43021	2.35131	2.0789	0.530744	14	0.0075836	192	151	17	12	16	1	
n15	pq3_drawer_left	12	pull													0.100957	160	10	17	1	13		quota 미달 (rec 160/10, eps 17/1)
n15	pq3_drawer_left	12	push-back													0.00106133	4	3	2	1	3		quota 미달 (rec 4/3, eps 2/1)
n15	pq3_drawer_left	12	reach-to-handle	-1.96504	0.0532788	1.81333	0.724381	3.53586	4.2505	3.01468	72.7661	27.3303	45.4358	0.375591	32	0.00865143	309	343	17	13	27	1	
n15	pq3_drawer_left	15	__global__	1.93803	0.0832677	3.51829	0.617887	1.47891	1.22021	1.49773	18.0603	5.49563	12.5647	0.304293	32	0.0244893	674	663	17	13	51	0.03	
n15	pq3_drawer_left	15	disengage																				성공 dwell 없음
n15	pq3_drawer_left	15	grasp-handle	2.28301	0.0729808	1.10918	0.722717	0.143908	0.679309	-0.487005	4.25476	2.46443	1.79034	0.579216	11	0.00579641	192	151	17	12	16	0.1	
n15	pq3_drawer_left	15	pull													0.101184	160	10	17	1	13		quota 미달 (rec 160/10, eps 17/1)
n15	pq3_drawer_left	15	push-back													0.00103522	4	3	2	1	3		quota 미달 (rec 4/3, eps 2/1)
n15	pq3_drawer_left	15	reach-to-handle	0.912686	0.0745439	7.58324	0.712295	0.783338	0.772867	0.775889	31.854	8.39439	23.4596	0.263527	32	0.00670117	309	343	17	13	27	0.03	
n15	pq3_drawer_right	0	__global__	-0.305435	0.144943	2.71101	0.613823	1.57617	1.98295	0.906234	2.63058	0.522886	2.1077	0.198772	32	0.104697	899	1064	16	14	76	1	
n15	pq3_drawer_right	0	disengage																				성공 dwell 없음
n15	pq3_drawer_right	0	grasp-handle	-0.393051	0.143369	6.26825	0.809725	3.67317	2.95852	3.02971	4.38926	1.23265	3.15661	0.280833	32	0.0686824	290	189	16	8	37	1	
n15	pq3_drawer_right	0	pull													0.0731207	131	12	16	5	11		quota 미달 (rec 131/12, eps 16/5)
n15	pq3_drawer_right	0	push-back													0.00250681	7	5	3	2	4		quota 미달 (rec 7/5, eps 3/2)
n15	pq3_drawer_right	0	reach-to-handle	0.575966	0.146155	2.86647	0.620992	3.81321	2.0561	3.66877	3.66852	0.827994	2.84053	0.225702	32	0.0707598	462	462	16	14	34	1	
n15	pq3_drawer_right	2	__global__	-0.808732	0.130505	5.20514	0.660962	3.12813	5.20991	1.70006	3.71305	1.07928	2.63377	0.290671	32	0.11086	899	1064	16	14	76	1	
n15	pq3_drawer_right	2	disengage																				성공 dwell 없음
n15	pq3_drawer_right	2	grasp-handle	3.15	0.201671	5.61095	0.861084									0.0701847	290	189	16	8	37	1	
n15	pq3_drawer_right	2	pull													0.0778235	131	12	16	5	11		quota 미달 (rec 131/12, eps 16/5)
n15	pq3_drawer_right	2	push-back													0.00247756	7	5	3	2	4		quota 미달 (rec 7/5, eps 3/2)
n15	pq3_drawer_right	2	reach-to-handle	0.14888	0.13989	8.18725	0.74219	1.18417	1.94614	0.0275964	3.51839	1.19891	2.31948	0.340756	32	0.0522737	462	462	16	14	34	1	
n15	pq3_drawer_right	4	__global__	0.0865118	0.114791	5.56105	0.752096	0.0432577	0.334745	-0.315289	4.55092	1.5448	3.00612	0.339447	32	0.104818	899	1064	16	14	76	1	
n15	pq3_drawer_right	4	disengage																				성공 dwell 없음
n15	pq3_drawer_right	4	grasp-handle	1.3917	0.150556	4.9237	0.891169	-0.297311	0.115914	-0.823713	1.99467	1.62769	0.366987	0.816016	13	0.0672843	290	189	16	8	37	1	
n15	pq3_drawer_right	4	pull													0.0789635	131	12	16	5	11		quota 미달 (rec 131/12, eps 16/5)
n15	pq3_drawer_right	4	push-back													0.00247465	7	5	3	2	4		quota 미달 (rec 7/5, eps 3/2)
n15	pq3_drawer_right	4	reach-to-handle	1.38329	0.11977	5.86688	0.794016	0.173575	0.598279	-0.233446	4.05667	1.08877	2.9679	0.26839	32	0.0391408	462	462	16	14	34	1	
n15	pq3_drawer_right	8	__global__	-0.990145	0.0839053	5.56411	0.745199	5.43855	8.7932	2.48935	27.4394	15.9526	11.4868	0.581375	32	0.080294	899	1064	16	14	76	1	
n15	pq3_drawer_right	8	disengage																				성공 dwell 없음
n15	pq3_drawer_right	8	grasp-handle	2.04535	0.0967464	2.98437	0.887247	-0.139184	0.162643	-0.568232	3.49274	2.44719	1.04555	0.70065	13	0.0581194	290	189	16	8	37	1	
n15	pq3_drawer_right	8	pull													0.0796571	131	12	16	5	11		quota 미달 (rec 131/12, eps 16/5)
n15	pq3_drawer_right	8	push-back													0.00244649	7	5	3	2	4		quota 미달 (rec 7/5, eps 3/2)
n15	pq3_drawer_right	8	reach-to-handle	1.21743	0.0821944	4.30789	0.789565	2.79304	5.61091	0.418522	11.6065	5.98364	5.62285	0.515542	32	0.0227409	462	462	16	14	34	1	
n15	pq3_drawer_right	10	__global__	-0.656774	0.0739175	5.23998	0.749974	1.30478	1.75024	0.832576	20.6708	9.20263	11.4682	0.445199	32	0.0701346	899	1064	16	14	76	1	
n15	pq3_drawer_right	10	disengage																				성공 dwell 없음
n15	pq3_drawer_right	10	grasp-handle	0.997268	0.0731629	3.32803	0.887229									0.0542611	290	189	16	8	37	1	
n15	pq3_drawer_right	10	pull													0.0797914	131	12	16	5	11		quota 미달 (rec 131/12, eps 16/5)
n15	pq3_drawer_right	10	push-back													0.00241127	7	5	3	2	4		quota 미달 (rec 7/5, eps 3/2)
n15	pq3_drawer_right	10	reach-to-handle	-0.782095	0.0627229	4.98556	0.793585	3.70029	3.67848	2.81295	24.0131	11.75	12.263	0.489318	32	0.0183959	462	462	16	14	34	1	
n15	pq3_drawer_right	12	__global__	-1.20357	0.0810345	3.96045	0.702103	3.70631	4.97688	2.21955	48.1754	28.1332	20.0422	0.583974	32	0.0596261	899	1064	16	14	76	1	
n15	pq3_drawer_right	12	disengage																				성공 dwell 없음
n15	pq3_drawer_right	12	grasp-handle	2.35621	0.0978137	3.20898	0.892027									0.0501774	290	189	16	8	37	1	
n15	pq3_drawer_right	12	pull													0.0799159	131	12	16	5	11		quota 미달 (rec 131/12, eps 16/5)
n15	pq3_drawer_right	12	push-back													0.00238928	7	5	3	2	4		quota 미달 (rec 7/5, eps 3/2)
n15	pq3_drawer_right	12	reach-to-handle	-2.88789	0.0652315	5.56302	0.818796	4.18186	5.55178	1.27467	36.8288	24.4517	12.3771	0.663929	32	0.0147274	462	462	16	14	34	1	
n15	pq3_drawer_right	15	__global__	-1.28052	0.0342957	2.00791	0.596564	11.9612	16.8042	8.11134	101.735	49.9192	51.8158	0.490679	32	0.0484785	899	1064	16	14	76	0.1	
n15	pq3_drawer_right	15	disengage																				성공 dwell 없음
n15	pq3_drawer_right	15	grasp-handle	0.309491	0.0534423	3.14052	0.789637									0.0452567	290	189	16	8	37	0.1	
n15	pq3_drawer_right	15	pull													0.0800123	131	12	16	5	11		quota 미달 (rec 131/12, eps 16/5)
n15	pq3_drawer_right	15	push-back													0.0023461	7	5	3	2	4		quota 미달 (rec 7/5, eps 3/2)
n15	pq3_drawer_right	15	reach-to-handle	-1.50248	0.0329547	6.4708	0.705272	1.0589	0.695874	1.37243	20.5877	6.68675	13.9009	0.324794	32	0.0113288	462	462	16	14	34	0.1	
n15	pq3_ppcc_beer	0	__global__	-1.14319	0.161864	0.832194	0.51763	-0.716806	-0.280209	-0.762875	2.8424	0.341956	2.50044	0.120306	32	0.131551	1189	616	19	8	77	1	
n15	pq3_ppcc_beer	0	grasp	-1.50759	0.142409	0.502645	0.635092	-0.545125	-0.289426	-0.466327	0.404578	0.270354	0.134224	0.668237	11	0.0509179	295	176	19	8	22	1	
n15	pq3_ppcc_beer	0	insert-settle	2.77396	0.249302	2.29535	0.671217	-1.22031	-0.880384	-0.625994	0.414911	0.226951	0.18796	0.546986	7	0.130404	402	82	19	4	29	1	
n15	pq3_ppcc_beer	0	place	-0.220685	0.175175	4.57163	0.724691	0.419986	1.44989	-0.861458	0.864811	0.721223	0.143589	0.833965	12	0.08919	325	143	19	7	24	1	
n15	pq3_ppcc_beer	0	reach-to-object	-1.25105	0.148774	1.03315	0.708205	-0.747208	-0.161124	-1.04986	0.558201	0.456009	0.102193	0.816925	4	0.0191783	130	75	19	8	10	1	
n15	pq3_ppcc_beer	0	transport													0.00195611	10	4	3	1	4		quota 미달 (rec 10/4, eps 3/1)
n15	pq3_ppcc_beer	2	__global__	-0.748523	0.128393	-0.0685861	0.481276	0.0792689	0.917957	-0.49492	4.00656	1.29549	2.71107	0.323342	32	0.176767	1189	616	19	8	77	1	
n15	pq3_ppcc_beer	2	grasp	-1.34621	0.121431	1.16437	0.754449	-0.862154	-1.08884	-0.390991	0.3706	0.181565	0.189035	0.489921	11	0.0389243	295	176	19	8	22	1	
n15	pq3_ppcc_beer	2	insert-settle	2.10072	0.199592	2.86532	0.796081	-1.14131	-0.433241	-1.10431	0.353771	0.243038	0.110733	0.686992	7	0.169321	402	82	19	4	29	1	
n15	pq3_ppcc_beer	2	place	3.17044	0.17381	2.97524	0.811318	-0.34454	-0.346475	-0.195808	0.583009	0.285624	0.297385	0.489913	12	0.106021	325	143	19	7	24	1	
n15	pq3_ppcc_beer	2	reach-to-object	-1.49075	0.0931874	1.37683	0.790667	-0.331788	-0.803117	1.55147	0.651602	0.22971	0.421892	0.352531	4	0.0103918	130	75	19	8	10	1	
n15	pq3_ppcc_beer	2	transport													0.00190533	10	4	3	1	4		quota 미달 (rec 10/4, eps 3/1)
n15	pq3_ppcc_beer	4	__global__	3.19482	0.127493	2.95055	0.614733	1.49773	1.35312	1.23594	6.71629	3.26388	3.45241	0.485964	32	0.190255	1189	616	19	8	77	1	
n15	pq3_ppcc_beer	4	grasp	-2.01775	0.0999415	0.980477	0.776772	0.128353	0.166886	-0.0200326	0.821143	0.527983	0.29316	0.642986	11	0.030392	295	176	19	8	22	1	
n15	pq3_ppcc_beer	4	insert-settle	3.96532	0.193215	2.05397	0.835609	-1.43133	-0.995936	-1.07725	0.49295	0.247698	0.245252	0.502482	7	0.184447	402	82	19	4	29	1	
n15	pq3_ppcc_beer	4	place	4.31041	0.155959	1.61524	0.818677	-0.817031	-0.767007	-0.331908	0.54015	0.134054	0.406096	0.248179	12	0.110494	325	143	19	7	24	1	
n15	pq3_ppcc_beer	4	reach-to-object	-0.625092	0.0853796	0.903114	0.81159									0.00768254	130	75	19	8	10	1	
n15	pq3_ppcc_beer	4	transport													0.00197839	10	4	3	1	4		quota 미달 (rec 10/4, eps 3/1)
n15	pq3_ppcc_beer	8	__global__	0.493736	0.101831	4.54184	0.770302	1.63276	2.46499	0.35696	21.7897	14.7267	7.06299	0.675857	32	0.188473	1189	616	19	8	77	1	
n15	pq3_ppcc_beer	8	grasp	-1.49522	0.08444	0.969727	0.79166	0.409235	-0.00106784	2.29776	2.80834	1.35955	1.44879	0.484113	11	0.0170116	295	176	19	8	22	1	
n15	pq3_ppcc_beer	8	insert-settle	4.76374	0.153693	0.881866	0.824202	0.777416	1.94866	-1.20642	1.58968	1.01841	0.571268	0.640639	7	0.199502	402	82	19	4	29	1	
n15	pq3_ppcc_beer	8	place	0.819743	0.0966038	0.712486	0.821581									0.112787	325	143	19	7	24	1	
n15	pq3_ppcc_beer	8	reach-to-object	-1.89414	0.056128	0.552955	0.828308	2.60096	1.42582	4.37714	5.68345	3.53618	2.14727	0.622189	5	0.0045032	130	75	19	8	10	1	
n15	pq3_ppcc_beer	8	transport													0.00218282	10	4	3	1	4		quota 미달 (rec 10/4, eps 3/1)
n15	pq3_ppcc_beer	10	__global__	-0.619851	0.0904144	5.68437	0.768227	2.23936	2.69839	1.24294	24.7919	14.3517	10.4402	0.578887	32	0.182531	1189	616	19	8	77	1	
n15	pq3_ppcc_beer	10	grasp	-1.36097	0.0759352	0.955769	0.78621	0.388201	0.345106	0.348636	3.01235	1.76492	1.24742	0.585897	11	0.0134761	295	176	19	8	22	1	
n15	pq3_ppcc_beer	10	insert-settle	5.30971	0.155885	0.619472	0.81589	0.926351	0.707067	0.826896	2.32598	0.816799	1.50918	0.351163	14	0.202771	402	82	19	4	29	1	
n15	pq3_ppcc_beer	10	place	0.205085	0.0887828	0.991168	0.820463	0.0637657	-0.560918	1.19982	3.2844	0.897582	2.38681	0.273287	12	0.112898	325	143	19	7	24	1	
n15	pq3_ppcc_beer	10	reach-to-object	-1.6854	0.0548349	0.628994	0.829436	0.0991438	-0.789368	2.01248	2.7198	0.732447	1.98736	0.269302	4	0.00376085	130	75	19	8	10	1	
n15	pq3_ppcc_beer	10	transport													0.00195173	10	4	3	1	4		quota 미달 (rec 10/4, eps 3/1)
n15	pq3_ppcc_beer	12	__global__	-0.91337	0.104514	5.1814	0.732565	4.18187	4.99513	2.10412	49.9746	33.2381	16.7365	0.6651	32	0.173351	1189	616	19	8	77	1	
n15	pq3_ppcc_beer	12	grasp	-2.52294	0.0825133	0.744016	0.77918	1.01571	0.258145	5.2484	8.44106	4.01311	4.42795	0.475428	11	0.0100731	295	176	19	8	22	1	
n15	pq3_ppcc_beer	12	insert-settle	3.54921	0.134325	0.525042	0.801238	-0.558387	-1.07623	0.14064	1.78235	0.26008	1.52227	0.14592	12	0.20523	402	82	19	4	29	1	
n15	pq3_ppcc_beer	12	place	0.716005	0.1103	1.33209	0.834599	0.458568	-0.00370386	1.7926	6.9797	3.22279	3.75691	0.461738	12	0.11295	325	143	19	7	24	1	
n15	pq3_ppcc_beer	12	reach-to-object	-1.80117	0.0522418	0.011767	0.817846	1.3439	1.31086	0.239621	12.5303	10.7415	1.78872	0.857248	5	0.0030063	130	75	19	8	10	1	
n15	pq3_ppcc_beer	12	transport													0.00179209	10	4	3	1	4		quota 미달 (rec 10/4, eps 3/1)
n15	pq3_ppcc_beer	15	__global__	-0.645339	0.0409991	-0.629079	0.461266	-0.921896	-0.712121	-1.18056	10.5188	1.9492	8.56957	0.185306	32	0.16436	1189	616	19	8	77	0.03	
n15	pq3_ppcc_beer	15	grasp	-1.92443	0.035508	0.795634	0.656664	0.454093	0.811424	-0.197272	4.48394	2.63167	1.85227	0.58691	11	0.0078394	295	176	19	8	22	0.03	
n15	pq3_ppcc_beer	15	insert-settle	1.70412	0.0694369	1.78821	0.729493	1.94535	3.66499	0.924936	6.58185	3.31245	3.2694	0.50327	14	0.207243	402	82	19	4	29	0.1	
n15	pq3_ppcc_beer	15	place	1.47513	0.0558782	0.623157	0.687617	-0.459249	-0.330109	-0.528148	3.6955	1.93756	1.75793	0.524304	10	0.112879	325	143	19	7	24	0.3	
n15	pq3_ppcc_beer	15	reach-to-object	-2.39122	0.0244952	0.427874	0.663795	0.0983241	-0.168006	0.568334	2.68916	0.992429	1.69673	0.369048	4	0.00239048	130	75	19	8	10	0.1	
n15	pq3_ppcc_beer	15	transport													0.00180679	10	4	3	1	4		quota 미달 (rec 10/4, eps 3/1)
n15	pq3_ppcc_bread	0	__global__	-1.00202	0.146306	1.1465	0.539322	0.348995	0.407972	0.0378621	5.08027	1.21139	3.86887	0.23845	32	0.127391	991	350	23	7	50	1	
n15	pq3_ppcc_bread	0	grasp	-0.480029	0.161995	0.551234	0.634318	1.56726	1.82619	0.189291	1.61969	1.26221	0.357473	0.779295	12	0.0662174	352	175	23	7	25	1	
n15	pq3_ppcc_bread	0	insert-settle														224	0	23	0	13		quota 미달 (rec 224/0, eps 23/0)
n15	pq3_ppcc_bread	0	place	-0.681227	0.174729	1.94354	0.741564	0.0140971	0.285013	-0.556336	0.905406	0.639798	0.265608	0.706642	6	0.0926676	258	68	18	5	21	1	
n15	pq3_ppcc_bread	0	reach-to-object	-1.86729	0.147395	-0.0445078	0.719789				0.616572	0.540438	0.0761335	0.876521	4	0.0256206	137	54	23	7	8	1	
n15	pq3_ppcc_bread	0	transport														2	0	2	0	1		quota 미달 (rec 2/0, eps 2/0)
n15	pq3_ppcc_bread	2	__global__	0.705447	0.16431	2.27818	0.598187	0.456699	0.779424	-0.618928	4.97656	1.64404	3.33252	0.330357	32	0.168439	991	350	23	7	50	1	
n15	pq3_ppcc_bread	2	grasp	-1.0621	0.150271	-0.0894679	0.681769	-0.595772	-0.871753	0.277004	0.540086	0.153841	0.386245	0.284845	12	0.0559376	352	175	23	7	25	1	
n15	pq3_ppcc_bread	2	insert-settle														224	0	23	0	13		quota 미달 (rec 224/0, eps 23/0)
n15	pq3_ppcc_bread	2	place	0.0795985	0.207284	2.52054	0.83681	2.3976	2.53942	-0.13821	1.90123	1.45689	0.444341	0.766287	10	0.109534	258	68	18	5	21	1	
n15	pq3_ppcc_bread	2	reach-to-object	-1.56677	0.135513	-0.323167	0.774534				0.647114	0.413852	0.233262	0.639534	4	0.0180162	137	54	23	7	8	1	
n15	pq3_ppcc_bread	2	transport														2	0	2	0	1		quota 미달 (rec 2/0, eps 2/0)
n15	pq3_ppcc_bread	4	__global__	0.205337	0.139434	1.61627	0.58478	1.03477	1.01953	0.176639	6.36078	2.47395	3.88683	0.388938	32	0.176528	991	350	23	7	50	1	
n15	pq3_ppcc_bread	4	grasp	-1.91109	0.109232	-0.104529	0.708604	0.279651	0.575064	-0.385695	1.16243	0.742583	0.419848	0.638819	12	0.0449178	352	175	23	7	25	1	
n15	pq3_ppcc_bread	4	insert-settle														224	0	23	0	13		quota 미달 (rec 224/0, eps 23/0)
n15	pq3_ppcc_bread	4	place	0.529938	0.231006	2.47764	0.864056	-0.9916	-0.713845	-1.07695	0.551913	0.274948	0.276965	0.498173	5	0.114402	258	68	18	5	21	1	
n15	pq3_ppcc_bread	4	reach-to-object	-1.47836	0.119227	-0.778527	0.785888				0.522414	0.336054	0.18636	0.643271	4	0.0147789	137	54	23	7	8	1	
n15	pq3_ppcc_bread	4	transport														2	0	2	0	1		quota 미달 (rec 2/0, eps 2/0)
n15	pq3_ppcc_bread	8	__global__	0.147254	0.114392	2.51231	0.639331	-0.095187	-0.371179	0.49031	7.44093	1.57087	5.87006	0.211112	32	0.168891	991	350	23	7	50	1	
n15	pq3_ppcc_bread	8	grasp	-1.72116	0.0786113	0.123919	0.732808	0.369278	-0.304965	0.848157	1.99853	0.320394	1.67814	0.160315	12	0.0275019	352	175	23	7	25	1	
n15	pq3_ppcc_bread	8	insert-settle														224	0	23	0	13		quota 미달 (rec 224/0, eps 23/0)
n15	pq3_ppcc_bread	8	place	0.394373	0.193117	1.78216	0.874373	-0.310883	-0.485543	0.98314	1.91319	0.486492	1.4267	0.254283	5	0.11822	258	68	18	5	21	1	
n15	pq3_ppcc_bread	8	reach-to-object	-1.1719	0.118439	-1.09654	0.784807				0.696154	0.172124	0.52403	0.24725	4	0.0112268	137	54	23	7	8	1	
n15	pq3_ppcc_bread	8	transport														2	0	2	0	1		quota 미달 (rec 2/0, eps 2/0)
n15	pq3_ppcc_bread	10	__global__	-0.277854	0.10429	5.07535	0.734672	3.90953	4.25753	3.08364	26.9209	14.2839	12.637	0.530588	32	0.160919	991	350	23	7	50	1	
n15	pq3_ppcc_bread	10	grasp	-1.07024	0.0803991	0.281701	0.735455	1.15567	2.01095	0.422048	4.3332	2.25318	2.08002	0.51998	12	0.021875	352	175	23	7	25	1	
n15	pq3_ppcc_bread	10	insert-settle														224	0	23	0	13		quota 미달 (rec 224/0, eps 23/0)
n15	pq3_ppcc_bread	10	place	-0.278465	0.143733	1.86539	0.872492									0.119038	258	68	18	5	21	1	
n15	pq3_ppcc_bread	10	reach-to-object	-1.45924	0.122228	-1.19033	0.769262									0.0101436	137	54	23	7	8	1	
n15	pq3_ppcc_bread	10	transport														2	0	2	0	1		quota 미달 (rec 2/0, eps 2/0)
n15	pq3_ppcc_bread	12	__global__	-0.0083774	0.122798	3.0659	0.691388	1.87546	3.09234	0.294141	25.776	15.0935	10.6825	0.585564	32	0.150021	991	350	23	7	50	1	
n15	pq3_ppcc_bread	12	grasp	-0.48912	0.106377	0.6416	0.743198	0.815717	0.710778	0.804696	5.2953	1.92949	3.36581	0.364378	12	0.0166372	352	175	23	7	25	1	
n15	pq3_ppcc_bread	12	insert-settle														224	0	23	0	13		quota 미달 (rec 224/0, eps 23/0)
n15	pq3_ppcc_bread	12	place	-0.254228	0.168562	2.65044	0.873404	0.2429	0.611497	-0.340375	3.54852	2.18733	1.36119	0.616406	5	0.119705	258	68	18	5	21	1	
n15	pq3_ppcc_bread	12	reach-to-object	-1.92504	0.114317	-0.637615	0.798459				10.2223	7.24744	2.97487	0.708982	4	0.00852107	137	54	23	7	8	1	
n15	pq3_ppcc_bread	12	transport														2	0	2	0	1		quota 미달 (rec 2/0, eps 2/0)
n15	pq3_ppcc_bread	15	__global__	0.395537	0.0505928	2.01414	0.628938	1.46569	1.77939	1.01274	23.9273	9.24339	14.6839	0.386312	32	0.138462	991	350	23	7	50	0.03	
n15	pq3_ppcc_bread	15	grasp	1.02701	0.0588502	0.695635	0.630162	0.12895	0.256037	-0.0110346	7.08535	3.21873	3.86662	0.45428	12	0.012548	352	175	23	7	25	0.1	
n15	pq3_ppcc_bread	15	insert-settle														224	0	23	0	13		quota 미달 (rec 224/0, eps 23/0)
n15	pq3_ppcc_bread	15	place	-1.19571	0.0570933	1.64735	0.717966	3.08981	4.42908	0.653942	19.7954	16.4136	3.38185	0.82916	9	0.12018	258	68	18	5	21	0.3	
n15	pq3_ppcc_bread	15	reach-to-object	-0.989148	0.0422111	1.24723	0.740606				1.35577	0.881676	0.474099	0.650311	4	0.00722662	137	54	23	7	8	0.1	
n15	pq3_ppcc_bread	15	transport														2	0	2	0	1		quota 미달 (rec 2/0, eps 2/0)
