rel	key	s	j	n	succ	no_failure	t_fail	frame	fps	frames_total	type	n_marks	marks	note	by	updated_at	sig
4fa6496cd684/worker2/PPCC/marshmallow/s3/j4/n0/base	PPCC/marshmallow	3	4	0	0	0	1.75	35	20	360	collision_stuck	1	"[{""t"": 1.75, ""frame"": 35, ""type"": ""collision_stuck"", ""note"": """"}]"	다른물체에 부딪힘		2026-09-14T08:00:28.077Z	6fa3705450ba34b7
4fa6496cd684/worker2/PPCC/marshmallow/s3/j4/n1/base	PPCC/marshmallow	3	4	1	1	0	1.65	33	20	160	collision_stuck	1	"[{""t"": 1.65, ""frame"": 33, ""type"": ""collision_stuck"", ""note"": """"}]"	다른 물체에 부딪힘		2026-09-14T08:01:31.928Z	f05dbef1446481fc
4fa6496cd684/worker2/PPCC/marshmallow/s3/j4/n2/base	PPCC/marshmallow	3	4	2	1	0	1.65	33	20	360	collision_stuck	1	"[{""t"": 1.65, ""frame"": 33, ""type"": ""collision_stuck"", ""note"": """"}]"	다른 물체에 부딪힘		2026-09-14T08:01:44.716Z	106bcff63659ca49
4fa6496cd684/worker2/PPCC/marshmallow/s3/j4/n3/base	PPCC/marshmallow	3	4	3	0	0	1.6	32	20	360	collision_stuck	1	"[{""t"": 1.6, ""frame"": 32, ""type"": ""collision_stuck"", ""note"": """"}]"	다른 물체에 부딪힘		2026-09-14T08:00:45.191Z	5b4e55d156bf868c
4fa6496cd684/worker2/PPCC/marshmallow/s3/j4/n4/base	PPCC/marshmallow	3	4	4	0	0	1.5	30	20	360	collision_stuck	1	"[{""t"": 1.5, ""frame"": 30, ""type"": ""collision_stuck"", ""note"": """"}]"	다른 물체에 부딪힘		2026-09-14T08:00:54.878Z	ced9221044cba2cc
4fa6496cd684/worker2/PPCC/marshmallow/s3/j4/n5/base	PPCC/marshmallow	3	4	5	1	0	1.5	30	20	345	collision_stuck	1	"[{""t"": 1.5, ""frame"": 30, ""type"": ""collision_stuck"", ""note"": """"}]"	다른 물체에 부딪힘		2026-09-14T08:01:55.367Z	810a6859b13cd7ca
4fa6496cd684/worker2/PPCC/marshmallow/s3/j4/n6/base	PPCC/marshmallow	3	4	6	1	0	1.6	32	20	173	collision_stuck	1	"[{""t"": 1.6, ""frame"": 32, ""type"": ""collision_stuck"", ""note"": """"}]"	다른 물체에 부딪힘		2026-09-14T08:02:16.079Z	397c4593a388f57f
4fa6496cd684/worker2/PPCC/marshmallow/s3/j4/n7/base	PPCC/marshmallow	3	4	7	1	0	1.55	31	20	188	collision_stuck	1	"[{""t"": 1.55, ""frame"": 31, ""type"": ""collision_stuck"", ""note"": """"}]"	다른 물체에 부딪힘		2026-09-14T08:02:30.035Z	2223720eb249a744
4fa6496cd684/worker2/PPCC/marshmallow/s3/j4/n8/base	PPCC/marshmallow	3	4	8	0	0	1.45	29	20	360	collision_stuck	1	"[{""t"": 1.45, ""frame"": 29, ""type"": ""collision_stuck"", ""note"": """"}]"	다른 물체에 부딪힘		2026-09-14T08:02:38.639Z	79f08a1a09c1a9c7
4fa6496cd684/worker2/PPCC/marshmallow/s3/j4/n9/base	PPCC/marshmallow	3	4	9	0	0	1.8	36	20	360	collision_stuck	1	"[{""t"": 1.8, ""frame"": 36, ""type"": ""collision_stuck"", ""note"": """"}]"	다른 물체에 부딪힘		2026-09-14T08:02:45.673Z	cef0e401953916ab
4fa6496cd684/worker2/PPCC/marshmallow/s4/j2/n0/base	PPCC/marshmallow	4	2	0	0	0	2.25	45	20	360	collision_stuck	1	"[{""t"": 2.25, ""frame"": 45, ""type"": ""collision_stuck"", ""note"": """"}]"	다른 물체에 부딪힘		2026-09-14T08:02:56.698Z	42dab123a5c748f4
4fa6496cd684/worker2/PPCC/marshmallow/s4/j2/n1/base	PPCC/marshmallow	4	2	1	1	0	2.2	44	20	278		1	"[{""t"": 2.2, ""frame"": 44, ""type"": null, ""note"": """"}]"	다른 물체에 부딪힘		2026-09-14T08:03:06.621Z	628e8066222b0abd
4fa6496cd684/worker2/PPCC/marshmallow/s4/j2/n2/base	PPCC/marshmallow	4	2	2	1	0	2.15	43	20	160	collision_stuck	1	"[{""t"": 2.15, ""frame"": 43, ""type"": ""collision_stuck"", ""note"": """"}]"	다른 물체에 부딪힘		2026-09-14T08:03:13.146Z	dfd5fa6881008bb6
4fa6496cd684/worker2/PPCC/marshmallow/s4/j2/n3/base	PPCC/marshmallow	4	2	3	1	0	2	40	20	158	collision_stuck	1	"[{""t"": 2, ""frame"": 40, ""type"": ""collision_stuck"", ""note"": """"}]"	다른 물체에 부딪힘		2026-09-14T08:03:23.076Z	bd38f57a05e030fc
4fa6496cd684/worker2/PPCC/marshmallow/s4/j2/n4/base	PPCC/marshmallow	4	2	4	0	0	2.05	41	20	360		1	"[{""t"": 2.05, ""frame"": 41, ""type"": null, ""note"": """"}]"	다른 물체에 부딪힘		2026-09-14T08:03:40.934Z	5fade6e40fe1f175
4fa6496cd684/worker2/PPCC/marshmallow/s4/j2/n5/base	PPCC/marshmallow	4	2	5	1	0	2.15	43	20	198	collision_stuck	1	"[{""t"": 2.15, ""frame"": 43, ""type"": ""collision_stuck"", ""note"": """"}]"	다른 물체에 부딪힘		2026-09-14T08:03:51.576Z	d95d6ffeaba0a524
4fa6496cd684/worker2/PPCC/marshmallow/s4/j2/n6/base	PPCC/marshmallow	4	2	6	1	0	2.35	47	20	318	collision_stuck	1	"[{""t"": 2.35, ""frame"": 47, ""type"": ""collision_stuck"", ""note"": """"}]"	다른 물체에 부딪힘		2026-09-14T08:04:02.241Z	45a35fbc083d4870
4fa6496cd684/worker2/PPCC/marshmallow/s4/j2/n7/base	PPCC/marshmallow	4	2	7	0	0	2.7	54	20	360	collision_stuck	1	"[{""t"": 2.7, ""frame"": 54, ""type"": ""collision_stuck"", ""note"": """"}]"	다른 물체에 부딪힘		2026-09-14T08:04:10.619Z	aac9636a57644848
4fa6496cd684/worker2/PPCC/marshmallow/s4/j2/n8/base	PPCC/marshmallow	4	2	8	0	0	2.6	52	20	360		1	"[{""t"": 2.6, ""frame"": 52, ""type"": null, ""note"": """"}]"	다른 물체에 부딪힘		2026-09-14T08:04:16.919Z	332ba1e796274887
4fa6496cd684/worker2/PPCC/marshmallow/s4/j2/n9/base	PPCC/marshmallow	4	2	9	0	0	2.35	47	20	360	collision_stuck	1	"[{""t"": 2.35, ""frame"": 47, ""type"": ""collision_stuck"", ""note"": """"}]"	다른 물체에 부딪힘		2026-09-14T08:04:28.110Z	fd0eb8033fdb7b39
kanu/CoffeeSetupMug/s0/j0/n1/base	CoffeeSetupMug	0	0	1	0	0	18.0	360	20	360	place_fail	1	"[{""t"": 18, ""frame"": 360, ""type"": ""place_fail"", ""note"": """"}]"	성공 판정 부분에 놓지 않으듯 함. 잘 놓긴 함		2026-09-08T03:25:21.248Z	dc73d1e6ab763068
kanu/CoffeeSetupMug/s0/j0/n2/base	CoffeeSetupMug	0	0	2	0	0	18.0	360	20	360	no_reach	1	"[{""t"": 18, ""frame"": 360, ""type"": ""no_reach"", ""note"": """"}]"	time out 그냥 느림		2026-09-08T03:25:47.746Z	b1e9d7351dbfbac3
kanu/CoffeeSetupMug/s0/j0/n3/base	CoffeeSetupMug	0	0	3	0	0	13.55	271	20	360		1	"[{""t"": 13.55, ""frame"": 271, ""type"": null, ""note"": ""커피머신에 부딪힘""}]"	한번 부딪히긴했는데 잘 지나감. 하지만 늦음		2026-09-08T03:32:05.090Z	f2ac11f01eb5fd88
kanu/CoffeeSetupMug/s0/j0/n4/base	CoffeeSetupMug	0	0	4	0	0	3.6	72	20	360	collision_stuck	1	"[{""t"": 3.6, ""frame"": 72, ""type"": ""collision_stuck"", ""note"": ""컵과 충돌""}]"	컵과 충돌, 그이후 이상하게 집음.		2026-09-08T03:31:51.291Z	9d56c1610a0d4ebb
kanu/CoffeeSetupMug/s0/j0/n5/base	CoffeeSetupMug	0	0	5	0	0	3.4	68	20	360	collision_stuck	1	"[{""t"": 3.4, ""frame"": 68, ""type"": ""collision_stuck"", ""note"": ""컵 잘못집어서 컵과 충돌""}]"	컵 잘못집어서 컵과 충돌		2026-09-08T03:31:39.185Z	33d30fcbd28e4889
kanu/CoffeeSetupMug/s0/j0/n6/base	CoffeeSetupMug	0	0	6	0	0	3.5	70	20	360	collision_stuck	1	"[{""t"": 3.5, ""frame"": 70, ""type"": ""collision_stuck"", ""note"": ""컵과 충돌""}]"	컵과 충돌 그 후 이상하게 집음		2026-09-08T03:33:45.696Z	120c7535574f176f
kanu/CoffeeSetupMug/s0/j0/n7/base	CoffeeSetupMug	0	0	7	0	0	13.35	267	20	360	collision_stuck	1	"[{""t"": 13.35, ""frame"": 267, ""type"": ""collision_stuck"", ""note"": ""머신과 컵 충돌""}]"			2026-09-08T03:34:39.779Z	ff2d299c4ccef948
kanu/CoffeeSetupMug/s0/j0/n8/base	CoffeeSetupMug	0	0	8	0	0	3.4	68	20	360		2	"[{""t"": 3.4, ""frame"": 68, ""type"": null, ""note"": ""컵 충돌""}, {""t"": 10.4, ""frame"": 208, ""type"": null, ""note"": ""컵 충돌""}]"			2026-09-08T03:36:29.993Z	640dfbbee41b4cde
kanu/CoffeeSetupMug/s0/j0/n9/base	CoffeeSetupMug	0	0	9	0	0	3.65	73	20	360		1	"[{""t"": 3.65, ""frame"": 73, ""type"": null, ""note"": ""컵 충돌""}]"			2026-09-08T03:38:06.631Z	b10512d53c2a893b
kanu/CoffeeSetupMug/s0/j1/n0/base	CoffeeSetupMug	0	1	0	0	0	8.5	170	20	360		1	"[{""t"": 8.5, ""frame"": 170, ""type"": null, ""note"": ""컵과 머신 충돌""}]"			2026-09-08T03:38:47.124Z	4ed803652b9bc1fe
kanu/CoffeeSetupMug/s0/j1/n1/base	CoffeeSetupMug	0	1	1	0	0	9.2	184	20	360	collision_stuck	2	"[{""t"": 9.2, ""frame"": 184, ""type"": ""collision_stuck"", ""note"": ""컵과 머신 충돌""}, {""t"": 9.55, ""frame"": 191, ""type"": ""place_fail"", ""note"": ""이상한데서 컵 놔버림""}]"			2026-09-08T05:14:37.411Z	eecec20509e36d2d
kanu/CoffeeSetupMug/s0/j1/n2/base	CoffeeSetupMug	0	1	2	0	0	11.45	229	20	360	place_fail	1	"[{""t"": 11.45, ""frame"": 229, ""type"": ""place_fail"", ""note"": """"}]"			2026-09-08T03:40:06.977Z	b150480c85f50016
kanu/CoffeeSetupMug/s0/j1/n3/base	CoffeeSetupMug	0	1	3	0	0	11.6	232	20	360	place_fail	1	"[{""t"": 11.6, ""frame"": 232, ""type"": ""place_fail"", ""note"": """"}]"			2026-09-08T05:14:08.941Z	fa8dabf49f368e88
kanu/CoffeeSetupMug/s0/j1/n4/base	CoffeeSetupMug	0	1	4	0	0	14.3	286	20	360	place_fail	1	"[{""t"": 14.3, ""frame"": 286, ""type"": ""place_fail"", ""note"": """"}]"			2026-09-08T05:13:58.457Z	1859fbaea0c27e08
kanu/CoffeeSetupMug/s0/j1/n5/base	CoffeeSetupMug	0	1	5	0	0	12.85	257	20	360	collision_stuck	2	"[{""t"": 12.85, ""frame"": 257, ""type"": ""collision_stuck"", ""note"": """"}, {""t"": 13.05, ""frame"": 261, ""type"": ""drop"", ""note"": """"}]"			2026-09-08T05:16:07.804Z	039e9709ff1ac243
kanu/CoffeeSetupMug/s0/j1/n6/base	CoffeeSetupMug	0	1	6	0	0	14.35	287	20	360	place_fail	2	"[{""t"": 14.35, ""frame"": 287, ""type"": ""place_fail"", ""note"": """"}, {""t"": 16.85, ""frame"": 337, ""type"": ""place_fail"", ""note"": """"}]"			2026-09-08T05:17:03.140Z	bf5aed3ba1625644
kanu/CoffeeSetupMug/s0/j1/n7/base	CoffeeSetupMug	0	1	7	0	0	8.85	177	20	360	drop	1	"[{""t"": 8.85, ""frame"": 177, ""type"": ""drop"", ""note"": """"}]"			2026-09-08T05:17:56.647Z	18e19d19a1feb08f
kanu/CoffeeSetupMug/s0/j1/n8/base	CoffeeSetupMug	0	1	8	0	0	11.45	229	20	360	drop	1	"[{""t"": 11.45, ""frame"": 229, ""type"": ""drop"", ""note"": """"}]"			2026-09-08T05:18:41.438Z	cf40a6ba49df00d1
kanu/CoffeeSetupMug/s0/j1/n9/base	CoffeeSetupMug	0	1	9	0	0	8.6	172	20	360	collision_stuck	2	"[{""t"": 8.6, ""frame"": 172, ""type"": ""collision_stuck"", ""note"": """"}, {""t"": 11.3, ""frame"": 226, ""type"": ""drop"", ""note"": """"}]"			2026-09-08T05:19:45.198Z	a2c24403f5e03f89
kanu/CoffeeSetupMug/s0/j2/n0/base	CoffeeSetupMug	0	2	0	0	0	7.9	158	20	360	grasp_miss	1	"[{""t"": 7.9, ""frame"": 158, ""type"": ""grasp_miss"", ""note"": ""난이도 높음""}]"			2026-09-08T05:20:52.488Z	8bba43f41c628322
kanu/CoffeeSetupMug/s0/j2/n1/base	CoffeeSetupMug	0	2	1	0	0	8.85	177	20	360	grasp_miss	1	"[{""t"": 8.85, ""frame"": 177, ""type"": ""grasp_miss"", ""note"": """"}]"			2026-09-08T05:21:26.053Z	650f3d5d968851f3
kanu/CoffeeSetupMug/s0/j2/n2/base	CoffeeSetupMug	0	2	2	0	0	7.65	153	20	360	grasp_miss	1	"[{""t"": 7.65, ""frame"": 153, ""type"": ""grasp_miss"", ""note"": """"}]"			2026-09-08T05:22:37.469Z	2fc711e157c3b8ff
kanu/CoffeeSetupMug/s0/j2/n3/base	CoffeeSetupMug	0	2	3	0	0	8.8	176	20	360	grasp_miss	1	"[{""t"": 8.8, ""frame"": 176, ""type"": ""grasp_miss"", ""note"": """"}]"			2026-09-08T05:23:03.967Z	d0005997612b5fcf
kanu/CoffeeSetupMug/s0/j2/n4/base	CoffeeSetupMug	0	2	4	0	0	7.35	147	20	360	grasp_miss	1	"[{""t"": 7.35, ""frame"": 147, ""type"": ""grasp_miss"", ""note"": """"}]"			2026-09-08T05:23:33.323Z	95ea595b1df1b0ab
kanu/CoffeeSetupMug/s0/j2/n5/base	CoffeeSetupMug	0	2	5	0	0	8.45	169	20	360	grasp_miss	1	"[{""t"": 8.45, ""frame"": 169, ""type"": ""grasp_miss"", ""note"": """"}]"			2026-09-08T05:24:19.374Z	251ba3c99a4e6af8
kanu/CoffeeSetupMug/s0/j2/n6/base	CoffeeSetupMug	0	2	6	0	0	8.4	168	20	360	grasp_miss	1	"[{""t"": 8.4, ""frame"": 168, ""type"": ""grasp_miss"", ""note"": """"}]"			2026-09-08T05:24:53.267Z	6bb75ecdd3eac91c
kanu/CoffeeSetupMug/s0/j2/n7/base	CoffeeSetupMug	0	2	7	0	0	8.25	165	20	360	grasp_miss	1	"[{""t"": 8.25, ""frame"": 165, ""type"": ""grasp_miss"", ""note"": """"}]"			2026-09-08T05:25:29.452Z	aca4e6ed0f882451
kanu/CoffeeSetupMug/s0/j2/n8/base	CoffeeSetupMug	0	2	8	0	0	8.1	162	20	360	grasp_miss	1	"[{""t"": 8.1, ""frame"": 162, ""type"": ""grasp_miss"", ""note"": """"}]"			2026-09-08T05:25:45.816Z	09fb3efd4755039a
kanu/CoffeeSetupMug/s0/j2/n9/base	CoffeeSetupMug	0	2	9	0	0	7.9	158	20	360	grasp_miss	1	"[{""t"": 7.9, ""frame"": 158, ""type"": ""grasp_miss"", ""note"": """"}]"			2026-09-08T05:26:02.678Z	63b2cbd158804f19
kanu/CoffeeSetupMug/s0/j3/n0/base	CoffeeSetupMug	0	3	0	0	0	9.7	194	20	360	collision_stuck	2	"[{""t"": 9.7, ""frame"": 194, ""type"": ""collision_stuck"", ""note"": """"}, {""t"": 11.9, ""frame"": 238, ""type"": ""place_fail"", ""note"": """"}]"			2026-09-08T05:26:59.042Z	3bb7233639a0e010
kanu/CoffeeSetupMug/s0/j3/n1/base	CoffeeSetupMug	0	3	1	0	0	14.7	294	20	360	place_fail	1	"[{""t"": 14.7, ""frame"": 294, ""type"": ""place_fail"", ""note"": """"}]"			2026-09-08T05:28:02.232Z	b2f08c1427354e48
kanu/CoffeeSetupMug/s0/j3/n2/base	CoffeeSetupMug	0	3	2	0	0	13.4	268	20	360	place_fail	1	"[{""t"": 13.4, ""frame"": 268, ""type"": ""place_fail"", ""note"": """"}]"			2026-09-08T05:29:24.398Z	4a5f157a1f95bd04
kanu/CoffeeSetupMug/s0/j3/n3/base	CoffeeSetupMug	0	3	3	0	0	7.0	140	20	360	drop	1	"[{""t"": 7, ""frame"": 140, ""type"": ""drop"", ""note"": """"}]"			2026-09-08T05:29:59.285Z	e2e041343a0b2f22
kanu/CoffeeSetupMug/s0/j3/n4/base	CoffeeSetupMug	0	3	4	0	0	6.5	130	20	360	grasp_miss	1	"[{""t"": 6.5, ""frame"": 130, ""type"": ""grasp_miss"", ""note"": """"}]"			2026-09-08T05:30:46.924Z	fbbc8cd69b9deb9c
kanu/CoffeeSetupMug/s0/j3/n5/base	CoffeeSetupMug	0	3	5	0	0	3.3	66	20	360	collision_stuck	2	"[{""t"": 3.3, ""frame"": 66, ""type"": ""collision_stuck"", ""note"": ""컵에 그리퍼 부딪힘""}, {""t"": 8.6, ""frame"": 172, ""type"": ""grasp_miss"", ""note"": """"}]"			2026-09-08T05:35:05.893Z	a2e3974976edd2a5
kanu/CoffeeSetupMug/s0/j3/n6/base	CoffeeSetupMug	0	3	6	0	0	13.0	260	20	360	place_fail	1	"[{""t"": 13, ""frame"": 260, ""type"": ""place_fail"", ""note"": """"}]"			2026-09-08T05:35:28.459Z	4c53e613be33cefe
kanu/CoffeeSetupMug/s0/j3/n7/base	CoffeeSetupMug	0	3	7	0	0	12.3	246	20	360	collision_stuck	2	"[{""t"": 12.3, ""frame"": 246, ""type"": ""collision_stuck"", ""note"": """"}, {""t"": 12.75, ""frame"": 255, ""type"": ""place_fail"", ""note"": """"}]"			2026-09-08T05:36:22.809Z	d1702b69284fd5e6
kanu/CoffeeSetupMug/s0/j3/n8/base	CoffeeSetupMug	0	3	8	0	0	12.75	255	20	360	place_fail	1	"[{""t"": 12.75, ""frame"": 255, ""type"": ""place_fail"", ""note"": """"}]"			2026-09-08T05:37:28.836Z	14ba6d4316744d6d
kanu/CoffeeSetupMug/s0/j3/n9/base	CoffeeSetupMug	0	3	9	0	0	3.35	67	20	360	grasp_miss	2	"[{""t"": 3.35, ""frame"": 67, ""type"": ""grasp_miss"", ""note"": ""컵 과 그리퍼 충돌""}, {""t"": 8.05, ""frame"": 161, ""type"": ""grasp_miss"", ""note"": """"}]"			2026-09-08T05:40:35.830Z	39ec60f0f2cf7c91
kanu/CoffeeSetupMug/s0/j4/n0/base	CoffeeSetupMug	0	4	0	0	0	3.2	64	20	360	grasp_miss	1	"[{""t"": 3.2, ""frame"": 64, ""type"": ""grasp_miss"", ""note"": """"}]"			2026-09-08T06:08:22.812Z	1ad9fa2c85f5eb3f
kanu/CoffeeSetupMug/s0/j4/n1/base	CoffeeSetupMug	0	4	1	0	0	4.85	97	20	360	grasp_miss	2	"[{""t"": 4.85, ""frame"": 97, ""type"": ""grasp_miss"", ""note"": """"}, {""t"": 13.45, ""frame"": 269, ""type"": ""drop"", ""note"": """"}]"			2026-09-08T06:09:43.538Z	a9d98f9d23786074
kanu/CoffeeSetupMug/s0/j4/n2/base	CoffeeSetupMug	0	4	2	0	1			20	360		0	[]			2026-09-08T06:11:33.643Z	ae903bc00820131f
kanu/CoffeeSetupMug/s0/j4/n3/base	CoffeeSetupMug	0	4	3	0	0	8.3	166	20	360	collision_stuck	1	"[{""t"": 8.3, ""frame"": 166, ""type"": ""collision_stuck"", ""note"": """"}]"			2026-09-08T06:12:15.445Z	2ecf772b69e52d50
kanu/CoffeeSetupMug/s0/j4/n4/base	CoffeeSetupMug	0	4	4	0	0	8.65	173	20	360	collision_stuck	1	"[{""t"": 8.65, ""frame"": 173, ""type"": ""collision_stuck"", ""note"": """"}]"			2026-09-08T06:12:54.858Z	c620252a2f9fe053
kanu/CoffeeSetupMug/s0/j4/n5/base	CoffeeSetupMug	0	4	5	0	0	7.4	148	20	360	collision_stuck	1	"[{""t"": 7.4, ""frame"": 148, ""type"": ""collision_stuck"", ""note"": """"}]"			2026-09-08T06:13:11.832Z	6a4c74a6b6fe462b
kanu/CoffeeSetupMug/s0/j4/n6/base	CoffeeSetupMug	0	4	6	0	0	8.45	169	20	360	collision_stuck	1	"[{""t"": 8.45, ""frame"": 169, ""type"": ""collision_stuck"", ""note"": ""충돌은 했지만 지나감""}]"			2026-09-08T06:13:53.659Z	918c240dd4886627
kanu/CoffeeSetupMug/s0/j4/n7/base	CoffeeSetupMug	0	4	7	0	1			20	360		0	[]			2026-09-08T07:46:32.501Z	cb8942240eb11822
kanu/CoffeeSetupMug/s0/j4/n8/base	CoffeeSetupMug	0	4	8	0	0	8.7	174	20	360	place_fail	1	"[{""t"": 8.7, ""frame"": 174, ""type"": ""place_fail"", ""note"": """"}]"			2026-09-08T07:46:58.626Z	ba9dd5f37ea616a9
kanu/CoffeeSetupMug/s0/j4/n9/base	CoffeeSetupMug	0	4	9	0	0	7.85	157	20	360	place_fail	1	"[{""t"": 7.85, ""frame"": 157, ""type"": ""place_fail"", ""note"": """"}]"			2026-09-08T07:47:28.325Z	eada858b2b155bee
kanu/CoffeeSetupMug/s1/j0/n0/base	CoffeeSetupMug	1	0	0	0	0	6.2	124	20	360	drop	1	"[{""t"": 6.2, ""frame"": 124, ""type"": ""drop"", ""note"": """"}]"			2026-09-08T08:02:25.523Z	a897578379634319
kanu/CoffeeSetupMug/s1/j0/n1/base	CoffeeSetupMug	1	0	1	0	0	6.0	120	20	360	drop	1	"[{""t"": 6, ""frame"": 120, ""type"": ""drop"", ""note"": """"}]"			2026-09-08T08:02:39.349Z	dfc01d9d723fdfcc
kanu/CoffeeSetupMug/s1/j0/n2/base	CoffeeSetupMug	1	0	2	0	0	3.65	73	20	360	grasp_miss	1	"[{""t"": 3.65, ""frame"": 73, ""type"": ""grasp_miss"", ""note"": """"}]"			2026-09-08T08:02:55.950Z	210c5b7c76fb6873
kanu/CoffeeSetupMug/s1/j0/n3/base	CoffeeSetupMug	1	0	3	0	0	6.3	126	20	360	place_fail	1	"[{""t"": 6.3, ""frame"": 126, ""type"": ""place_fail"", ""note"": """"}]"			2026-09-08T08:06:54.130Z	c6b0959b5636c218
kanu/CoffeeSetupMug/s1/j0/n4/base	CoffeeSetupMug	1	0	4	0	0	5.65	113	20	360	place_fail	1	"[{""t"": 5.65, ""frame"": 113, ""type"": ""place_fail"", ""note"": """"}]"			2026-09-08T08:07:16.143Z	1a97a8cb3822287e
kanu/CoffeeSetupMug/s1/j0/n5/base	CoffeeSetupMug	1	0	5	0	0	3.3	66	20	360	grasp_miss	1	"[{""t"": 3.3, ""frame"": 66, ""type"": ""grasp_miss"", ""note"": """"}]"			2026-09-08T08:09:30.857Z	37590e38eccc8b35
kanu/CoffeeSetupMug/s1/j0/n6/base	CoffeeSetupMug	1	0	6	0	0	6.2	124	20	360	collision_stuck	2	"[{""t"": 6.2, ""frame"": 124, ""type"": ""collision_stuck"", ""note"": """"}, {""t"": 7.5, ""frame"": 150, ""type"": ""place_fail"", ""note"": """"}]"			2026-09-08T08:10:02.196Z	cea0c45adccdbe3c
kanu/CoffeeSetupMug/s1/j0/n7/base	CoffeeSetupMug	1	0	7	0	0	5.05	101	20	360	collision_stuck	2	"[{""t"": 5.05, ""frame"": 101, ""type"": ""collision_stuck"", ""note"": """"}, {""t"": 7.2, ""frame"": 144, ""type"": ""place_fail"", ""note"": """"}]"			2026-09-08T08:11:05.321Z	59323c66502d4b06
kanu/CoffeeSetupMug/s1/j0/n8/base	CoffeeSetupMug	1	0	8	0	0	3.0	60	20	360	collision_stuck	3	"[{""t"": 3, ""frame"": 60, ""type"": ""collision_stuck"", ""note"": """"}, {""t"": 8.25, ""frame"": 165, ""type"": ""collision_stuck"", ""note"": """"}, {""t"": 11, ""frame"": 220, ""type"": ""place_fail"", ""note"": """"}]"			2026-09-08T08:19:31.247Z	ce26dabe7c7243cc
kanu/CoffeeSetupMug/s1/j0/n9/base	CoffeeSetupMug	1	0	9	0	0	3.35	67	20	360	collision_stuck	3	"[{""t"": 3.35, ""frame"": 67, ""type"": ""collision_stuck"", ""note"": """"}, {""t"": 6.7, ""frame"": 134, ""type"": ""collision_stuck"", ""note"": """"}, {""t"": 9, ""frame"": 180, ""type"": ""place_fail"", ""note"": ""이거도 실패임? 판정 개빡빡하네""}]"			2026-09-08T08:20:18.028Z	599633b59cf16624
kanu/CoffeeSetupMug/s1/j1/n0/base	CoffeeSetupMug	1	1	0	0	0	6.15	123	20	360	place_fail	1	"[{""t"": 6.15, ""frame"": 123, ""type"": ""place_fail"", ""note"": """"}]"			2026-09-08T08:35:04.820Z	9cf529c4ffb2f1be
kanu/CoffeeSetupMug/s1/j1/n1/base	CoffeeSetupMug	1	1	1	0	0	6.1	122	20	360	place_fail	1	"[{""t"": 6.1, ""frame"": 122, ""type"": ""place_fail"", ""note"": """"}]"			2026-09-08T08:40:03.414Z	9bef827245e00112
kanu/CoffeeSetupMug/s1/j1/n2/base	CoffeeSetupMug	1	1	2	0	0	2.05	41	20	360	collision_stuck	1	"[{""t"": 2.05, ""frame"": 41, ""type"": ""collision_stuck"", ""note"": """"}]"			2026-09-08T08:40:41.715Z	0f8961a32bec006d
kanu/CoffeeSetupMug/s1/j1/n3/base	CoffeeSetupMug	1	1	3	0	0	8.8	176	20	360	collision_stuck	2	"[{""t"": 8.8, ""frame"": 176, ""type"": ""collision_stuck"", ""note"": """"}, {""t"": 9.5, ""frame"": 190, ""type"": ""drop"", ""note"": """"}]"			2026-09-08T08:41:23.354Z	a718bed6cf761739
kanu/CoffeeSetupMug/s1/j1/n4/base	CoffeeSetupMug	1	1	4	0	0	7.5	150	20	360	collision_stuck	2	"[{""t"": 7.5, ""frame"": 150, ""type"": ""collision_stuck"", ""note"": """"}, {""t"": 9.25, ""frame"": 185, ""type"": ""drop"", ""note"": """"}]"			2026-09-08T08:41:52.142Z	d0018e13a35da9cc
kanu/CoffeeSetupMug/s1/j1/n5/base	CoffeeSetupMug	1	1	5	0	0	9.05	181	20	360	place_fail	1	"[{""t"": 9.05, ""frame"": 181, ""type"": ""place_fail"", ""note"": """"}]"			2026-09-08T08:59:44.960Z	12169f5973c9bb3b
kanu/CoffeeSetupMug/s1/j1/n6/base	CoffeeSetupMug	1	1	6	0	0	9.0	180	20	360	drop	1	"[{""t"": 9, ""frame"": 180, ""type"": ""drop"", ""note"": """"}]"			2026-09-08T14:49:16.020Z	e7bd534d89a68a0a
kanu/CoffeeSetupMug/s1/j1/n7/base	CoffeeSetupMug	1	1	7	0	0	11.05	221	20	360	place_fail	1	"[{""t"": 11.05, ""frame"": 221, ""type"": ""place_fail"", ""note"": """"}]"			2026-09-08T14:50:36.083Z	6c1c55771428f27c
kanu/CoffeeSetupMug/s1/j1/n8/base	CoffeeSetupMug	1	1	8	0	0	8.75	175	20	360	drop	1	"[{""t"": 8.75, ""frame"": 175, ""type"": ""drop"", ""note"": """"}]"			2026-09-08T14:51:31.529Z	8890f53baa369a56
kanu/CoffeeSetupMug/s1/j1/n9/base	CoffeeSetupMug	1	1	9	0	0	8.6	172	20	360	place_fail	1	"[{""t"": 8.6, ""frame"": 172, ""type"": ""place_fail"", ""note"": """"}]"			2026-09-08T14:51:55.369Z	7f57859ebd96c914
kanu/CoffeeSetupMug/s1/j2/n0/base	CoffeeSetupMug	1	2	0	0	0	7.35	147	20	360	place_fail	1	"[{""t"": 7.35, ""frame"": 147, ""type"": ""place_fail"", ""note"": """"}]"			2026-09-08T14:52:29.584Z	2ef9ab21c108e235
kanu/CoffeeSetupMug/s1/j2/n1/base	CoffeeSetupMug	1	2	1	0	0	6.25	125	20	360	place_fail	1	"[{""t"": 6.25, ""frame"": 125, ""type"": ""place_fail"", ""note"": """"}]"			2026-09-08T14:52:50.098Z	a26413de3b84e8a9
kanu/CoffeeSetupMug/s1/j2/n2/base	CoffeeSetupMug	1	2	2	0	0	5.85	117	20	360	place_fail	1	"[{""t"": 5.85, ""frame"": 117, ""type"": ""place_fail"", ""note"": """"}]"			2026-09-08T14:54:14.062Z	4e7f56a20d0605f2
kanu/CoffeeSetupMug/s1/j2/n3/base	CoffeeSetupMug	1	2	3	0	0	5.7	114	20	360	place_fail	1	"[{""t"": 5.7, ""frame"": 114, ""type"": ""place_fail"", ""note"": """"}]"			2026-09-08T14:56:04.906Z	580e44c2686acdac
kanu/CoffeeSetupMug/s1/j2/n4/base	CoffeeSetupMug	1	2	4	0	0	5.6	112	20	360	place_fail	1	"[{""t"": 5.6, ""frame"": 112, ""type"": ""place_fail"", ""note"": """"}]"			2026-09-08T14:57:30.642Z	a9cda172ce90f381
kanu/CoffeeSetupMug/s1/j2/n5/base	CoffeeSetupMug	1	2	5	0	0	5.45	109	20	360	place_fail	1	"[{""t"": 5.45, ""frame"": 109, ""type"": ""place_fail"", ""note"": """"}]"			2026-09-08T15:05:08.183Z	3ebe95039c999ae5
kanu/CoffeeSetupMug/s1/j2/n6/base	CoffeeSetupMug	1	2	6	0	0	5.35	107	20	360		1	"[{""t"": 5.35, ""frame"": 107, ""type"": null, ""note"": """"}]"			2026-09-08T15:05:23.285Z	7156728a9a8aba66
kanu/OpenDrawer/left/s0/j1/n0/base	OpenDrawer/left	0	1	0	0	0	2.25	45	20	360	grasp_miss	1	"[{""t"": 2.25, ""frame"": 45, ""type"": ""grasp_miss"", ""note"": """"}]"			2026-09-10T06:35:47.270Z	33e89d31f4e6be51
kanu/OpenDrawer/left/s0/j1/n1/base	OpenDrawer/left	0	1	1	1	1			20	98		0	[]	그리퍼 닿고 좀 버벅임		2026-09-11T05:39:19.913Z	7d1958f1803706ba
kanu/OpenDrawer/left/s0/j1/n2/base	OpenDrawer/left	0	1	2	1	1			20	95		0	[]	그립퍼 닿고 좀 버벅임		2026-09-11T05:39:27.550Z	7a82953b0ee787ae
kanu/OpenDrawer/left/s0/j1/n3/base	OpenDrawer/left	0	1	3	1	1			20	93		0	[]	그립퍼 닿고 좀 버벅임		2026-09-11T05:39:39.467Z	369a5cfb42851e90
kanu/OpenDrawer/left/s1/j3/n0/base	OpenDrawer/left	1	3	0	0	0	2.9	58	20	360	grasp_miss	1	"[{""t"": 2.9, ""frame"": 58, ""type"": ""grasp_miss"", ""note"": """"}]"			2026-09-10T06:36:04.645Z	759d1a90218011a9
kanu/OpenDrawer/left/s1/j3/n1/base	OpenDrawer/left	1	3	1	0	0	2.8	56	20	360	grasp_miss	1	"[{""t"": 2.8, ""frame"": 56, ""type"": ""grasp_miss"", ""note"": """"}]"			2026-09-10T06:36:13.245Z	f21efdd4e5a83797
kanu/OpenDrawer/left/s1/j3/n2/base	OpenDrawer/left	1	3	2	0	0	2.75	55	20	360	grasp_miss	1	"[{""t"": 2.75, ""frame"": 55, ""type"": ""grasp_miss"", ""note"": """"}]"			2026-09-10T06:36:21.208Z	9abaabcb6102f150
kanu/OpenDrawer/left/s1/j3/n3/base	OpenDrawer/left	1	3	3	0	0	2.75	55	20	360	grasp_miss	1	"[{""t"": 2.75, ""frame"": 55, ""type"": ""grasp_miss"", ""note"": """"}]"			2026-09-10T06:36:30.595Z	487f03635dee7990
kanu/OpenDrawer/left/s1/j3/n4/base	OpenDrawer/left	1	3	4	0	0	2.6	52	20	360	grasp_miss	1	"[{""t"": 2.6, ""frame"": 52, ""type"": ""grasp_miss"", ""note"": """"}]"			2026-09-10T06:36:43.121Z	822e278bd113adaf
kanu/OpenDrawer/left/s1/j3/n9/base	OpenDrawer/left	1	3	9	0	0	2.7	54	20	360	grasp_miss	1	"[{""t"": 2.7, ""frame"": 54, ""type"": ""grasp_miss"", ""note"": """"}]"			2026-09-10T06:36:53.395Z	86f61eda255ef800
kanu/OpenDrawer/left/s2/j4/n7/base	OpenDrawer/left	2	4	7	0	0	2.3	46	20	360	grasp_miss	1	"[{""t"": 2.3, ""frame"": 46, ""type"": ""grasp_miss"", ""note"": """"}]"			2026-09-10T06:37:03.158Z	0dbf1dbf7c256e1e
kanu/OpenDrawer/left/s2/j4/n9/base	OpenDrawer/left	2	4	9	0	0	2.5	50	20	360	grasp_miss	1	"[{""t"": 2.5, ""frame"": 50, ""type"": ""grasp_miss"", ""note"": """"}]"			2026-09-10T06:37:12.383Z	8b40131a7c0daa06
kanu/OpenDrawer/right/s0/j4/n9/base	OpenDrawer/right	0	4	9	0	0	5.75	115	20	360	grasp_miss	1	"[{""t"": 5.75, ""frame"": 115, ""type"": ""grasp_miss"", ""note"": """"}]"			2026-09-10T07:06:24.712Z	8e54b9519ef22223
kanu/OpenDrawer/right/s1/j4/n0/base	OpenDrawer/right	1	4	0	0	0	4.35	87	20	360	grasp_miss	1	"[{""t"": 4.35, ""frame"": 87, ""type"": ""grasp_miss"", ""note"": """"}]"			2026-09-10T07:06:34.862Z	a7cf1b1e1ac021c7
kanu/OpenDrawer/right/s1/j4/n1/base	OpenDrawer/right	1	4	1	0	0	4.0	80	20	360	grasp_miss	1	"[{""t"": 4, ""frame"": 80, ""type"": ""grasp_miss"", ""note"": """"}]"			2026-09-10T07:06:42.137Z	c2c462132830f14e
kanu/OpenDrawer/right/s1/j4/n3/base	OpenDrawer/right	1	4	3	0	0	3.7	74	20	360	grasp_miss	1	"[{""t"": 3.7, ""frame"": 74, ""type"": ""grasp_miss"", ""note"": """"}]"			2026-09-10T07:06:49.012Z	048601b9b84c69a0
kanu/OpenDrawer/right/s1/j4/n5/base	OpenDrawer/right	1	4	5	0	0	4.0	80	20	360	grasp_miss	1	"[{""t"": 4, ""frame"": 80, ""type"": ""grasp_miss"", ""note"": """"}]"			2026-09-10T07:07:00.624Z	9a3084f17bd9750f
kanu/OpenDrawer/right/s1/j4/n6/base	OpenDrawer/right	1	4	6	0	0	4.85	97	20	360	grasp_miss	1	"[{""t"": 4.85, ""frame"": 97, ""type"": ""grasp_miss"", ""note"": """"}]"			2026-09-10T07:07:17.324Z	6967dbd13ce0df7f
kanu/OpenDrawer/right/s1/j4/n7/base	OpenDrawer/right	1	4	7	0	0	4.45	89	20	360	grasp_miss	1	"[{""t"": 4.45, ""frame"": 89, ""type"": ""grasp_miss"", ""note"": """"}]"			2026-09-10T07:07:25.975Z	a42f1062977ca322
kanu/OpenDrawer/right/s1/j4/n8/base	OpenDrawer/right	1	4	8	0	0	4.5	90	20	360	grasp_miss	1	"[{""t"": 4.5, ""frame"": 90, ""type"": ""grasp_miss"", ""note"": """"}]"			2026-09-10T07:07:34.213Z	1599949253b74e2a
kanu/OpenDrawer/right/s1/j4/n9/base	OpenDrawer/right	1	4	9	0	0	4.25	85	20	360	grasp_miss	1	"[{""t"": 4.25, ""frame"": 85, ""type"": ""grasp_miss"", ""note"": """"}]"			2026-09-10T07:07:41.512Z	8ece501ea54fdb1b
worker1/DishwasherRack/out-left/s0/j0/n0/base	DishwasherRack/out-left	0	0	0	0	0	4.1	82	20	360	other	1	"[{""t"": 4.1, ""frame"": 82, ""type"": ""other"", ""note"": """"}]"	랙안에 그리퍼가 안들어갔는데 뺴려는 시도를 함ㄴ		2026-09-09T02:25:57.845Z	9fccb0e7cce5c590
worker1/DishwasherRack/out-left/s0/j0/n1/base	DishwasherRack/out-left	0	0	1	0	1			20	360		0	[]	랙안에 그리퍼가 안들어갔는데 뺴려는 시도를 함		2026-09-09T02:26:14.688Z	33cf85e75c81bcc8
worker1/DishwasherRack/out-left/s0/j0/n2/base	DishwasherRack/out-left	0	0	2	0	0	3.85	77	20	360	other	1	"[{""t"": 3.85, ""frame"": 77, ""type"": ""other"", ""note"": """"}]"	랙안에 그리퍼가 안들어갔는데 뺴려는 시도를 함		2026-09-09T02:26:20.797Z	56bd4e49c93b9445
worker1/DishwasherRack/out-left/s0/j0/n3/base	DishwasherRack/out-left	0	0	3	0	0	3.75	75	20	360	other	1	"[{""t"": 3.75, ""frame"": 75, ""type"": ""other"", ""note"": """"}]"	랙안에 그리퍼가 안들어갔는데 뺴려는 시도를 함		2026-09-09T02:26:23.639Z	680bfb6d66fa1ccd
worker1/DishwasherRack/out-left/s0/j0/n4/base	DishwasherRack/out-left	0	0	4	0	0	3.7	74	20	360	other	1	"[{""t"": 3.7, ""frame"": 74, ""type"": ""other"", ""note"": """"}]"	랙안에 그리퍼가 안들어갔는데 뺴려는 시도를 함		2026-09-09T02:26:31.987Z	370cfb325e089ecd
worker1/DishwasherRack/out-left/s0/j0/n5/base	DishwasherRack/out-left	0	0	5	0	0	3.6	72	20	360	other	1	"[{""t"": 3.6, ""frame"": 72, ""type"": ""other"", ""note"": """"}]"	랙안에 그리퍼가 안들어갔는데 뺴려는 시도를 함		2026-09-09T02:26:34.965Z	7c07643f9684622e
worker1/DishwasherRack/out-left/s0/j0/n6/base	DishwasherRack/out-left	0	0	6	0	0	3.55	71	20	360	other	1	"[{""t"": 3.55, ""frame"": 71, ""type"": ""other"", ""note"": """"}]"	랙안에 그리퍼가 안들어갔는데 뺴려는 시도를 함		2026-09-09T02:26:43.191Z	89d953d45ba778de
worker1/DishwasherRack/out-left/s0/j0/n7/base	DishwasherRack/out-left	0	0	7	0	0	3.35	67	20	360	other	1	"[{""t"": 3.35, ""frame"": 67, ""type"": ""other"", ""note"": """"}]"	랙안에 그리퍼가 안들어갔는데 뺴려는 시도를 함		2026-09-09T02:26:47.738Z	c0dde4683e852864
worker1/DishwasherRack/out-left/s0/j0/n8/base	DishwasherRack/out-left	0	0	8	0	0	3.2	64	20	360	other	1	"[{""t"": 3.2, ""frame"": 64, ""type"": ""other"", ""note"": """"}]"	랙안에 그리퍼가 안들어갔는데 뺴려는 시도를 함		2026-09-09T02:26:51.330Z	1e81a1f50e1849f9
worker1/DishwasherRack/out-left/s0/j0/n9/base	DishwasherRack/out-left	0	0	9	0	1			20	360		0	[]	랙안에 그리퍼가 안들어갔는데 뺴려는 시도를 함		2026-09-09T02:26:56.196Z	63bd48ecb1084c36
worker1/DishwasherRack/out-left/s0/j1/n0/base	DishwasherRack/out-left	0	1	0	0	0	3.9	78	20	360		1	"[{""t"": 3.9, ""frame"": 78, ""type"": null, ""note"": """"}]"	랙안에 그리퍼가 안들어갔는데 뺴려는 시도를 함		2026-09-09T02:25:42.949Z	80d4a14852097ec5
worker1/DishwasherRack/out-left/s0/j1/n1/base	DishwasherRack/out-left	0	1	1	0	1			20	360		0	[]	약간 다른 곳으로 접근하다 붕괴?		2026-09-09T02:27:34.500Z	a5b52175fcdd5bf3
worker1/DishwasherRack/out-left/s0/j1/n2/base	DishwasherRack/out-left	0	1	2	0	0	3.9	78	20	360		1	"[{""t"": 3.9, ""frame"": 78, ""type"": null, ""note"": """"}]"	랙안에 그리퍼가 안들어갔는데 뺴려는 시도를 함		2026-09-09T02:27:50.025Z	ea24213356e8244f
worker1/DishwasherRack/out-left/s0/j1/n3/base	DishwasherRack/out-left	0	1	3	0	0	3.75	75	20	360		1	"[{""t"": 3.75, ""frame"": 75, ""type"": null, ""note"": """"}]"	랙안에 그리퍼가 안들어갔는데 뺴려는 시도를 함		2026-09-09T02:30:48.035Z	763b68eb10dea5d0
worker1/DishwasherRack/out-left/s0/j1/n4/base	DishwasherRack/out-left	0	1	4	0	0	3.75	75	20	360		1	"[{""t"": 3.75, ""frame"": 75, ""type"": null, ""note"": """"}]"	랙안에 그리퍼가 안들어갔는데 뺴려는 시도를 함		2026-09-09T02:30:55.085Z	cbcb5567ff6e22d7
worker1/DishwasherRack/out-left/s0/j1/n5/base	DishwasherRack/out-left	0	1	5	0	0	3.65	73	20	360		1	"[{""t"": 3.65, ""frame"": 73, ""type"": null, ""note"": """"}]"	랙안에 그리퍼가 안들어갔는데 뺴려는 시도를 함		2026-09-09T02:31:06.883Z	b5e35b3c4a489466
worker1/DishwasherRack/out-left/s0/j1/n6/base	DishwasherRack/out-left	0	1	6	0	0	3.65	73	20	360	other	1	"[{""t"": 3.65, ""frame"": 73, ""type"": ""other"", ""note"": """"}]"	랙안에 그리퍼가 안들어갔는데 뺴려는 시도를 함		2026-09-09T03:54:07.507Z	f4eec68eb578b8f2
worker1/DishwasherRack/out-left/s0/j1/n7/base	DishwasherRack/out-left	0	1	7	0	0	3.4	68	20	360	other	1	"[{""t"": 3.4, ""frame"": 68, ""type"": ""other"", ""note"": """"}]"	랙안에 그리퍼가 안들어갔는데 뺴려는 시도를 함		2026-09-09T03:54:20.407Z	04b9d7e746dc4533
worker1/DishwasherRack/out-left/s0/j1/n8/base	DishwasherRack/out-left	0	1	8	0	0	3.3	66	20	360	other	1	"[{""t"": 3.3, ""frame"": 66, ""type"": ""other"", ""note"": """"}]"	랙안에 그리퍼가 안들어갔는데 뺴려는 시도를 함		2026-09-09T07:00:56.232Z	7ef75ddf464692be
worker1/DishwasherRack/out-left/s0/j1/n9/base	DishwasherRack/out-left	0	1	9	0	1			20	360		0	[]			2026-09-09T07:01:10.158Z	122908f1eb9461c1
worker1/DishwasherRack/out-left/s0/j2/n0/base	DishwasherRack/out-left	0	2	0	0	0	4.2	84	20	360		1	"[{""t"": 4.2, ""frame"": 84, ""type"": null, ""note"": """"}]"	랙안에 그리퍼가 안들어갔는데 뺴려는 시도를 함		2026-09-09T07:01:26.933Z	9acc4680659b2f1a
worker1/DishwasherRack/out-left/s0/j2/n1/base	DishwasherRack/out-left	0	2	1	0	0	4.15	83	20	360	other	1	"[{""t"": 4.15, ""frame"": 83, ""type"": ""other"", ""note"": """"}]"	랙안에 그리퍼가 안들어갔는데 뺴려는 시도를 함		2026-09-09T07:01:52.783Z	bfe54724d5a8d338
worker1/DishwasherRack/out-left/s0/j2/n2/base	DishwasherRack/out-left	0	2	2	0	0	4.05	81	20	360	other	1	"[{""t"": 4.05, ""frame"": 81, ""type"": ""other"", ""note"": """"}]"	랙안에 그리퍼가 안들어갔는데 뺴려는 시도를 함		2026-09-09T07:26:15.876Z	3e38a58593a0f57a
worker1/DishwasherRack/out-left/s0/j2/n3/base	DishwasherRack/out-left	0	2	3	0	0	3.9	78	20	360	other	1	"[{""t"": 3.9, ""frame"": 78, ""type"": ""other"", ""note"": """"}]"	랙안에 그리퍼가 안들어갔는데 뺴려는 시도를 함		2026-09-09T07:26:28.839Z	456df87377d77328
worker1/DishwasherRack/out-left/s0/j2/n4/base	DishwasherRack/out-left	0	2	4	0	0	3.85	77	20	360	other	1	"[{""t"": 3.85, ""frame"": 77, ""type"": ""other"", ""note"": """"}]"	랙안에 그리퍼가 안들어갔는데 뺴려는 시도를 함		2026-09-09T07:26:45.614Z	7d1a598541ee70dc
worker1/DishwasherRack/out-left/s0/j2/n5/base	DishwasherRack/out-left	0	2	5	0	0	3.75	75	20	360	other	1	"[{""t"": 3.75, ""frame"": 75, ""type"": ""other"", ""note"": """"}]"	랙안에 그리퍼가 안들어갔는데 뺴려는 시도를 함		2026-09-09T07:27:04.215Z	92f07415fb04c78f
worker1/DishwasherRack/out-left/s0/j2/n6/base	DishwasherRack/out-left	0	2	6	0	0	3.8	76	20	360	other	1	"[{""t"": 3.8, ""frame"": 76, ""type"": ""other"", ""note"": """"}]"	랙안에 그리퍼가 안들어갔는데 뺴려는 시도를 함		2026-09-09T07:27:25.440Z	e695e328cae49709
worker1/DishwasherRack/out-left/s0/j2/n7/base	DishwasherRack/out-left	0	2	7	0	0	3.4	68	20	360	other	1	"[{""t"": 3.4, ""frame"": 68, ""type"": ""other"", ""note"": """"}]"	랙안에 그리퍼가 안들어갔는데 뺴려는 시도를 함		2026-09-09T07:27:39.428Z	edb05135e2bb5307
worker1/DishwasherRack/out-left/s0/j2/n8/base	DishwasherRack/out-left	0	2	8	0	0	3.65	73	20	360	other	1	"[{""t"": 3.65, ""frame"": 73, ""type"": ""other"", ""note"": """"}]"	랙안에 그리퍼가 안들어갔는데 뺴려는 시도를 함		2026-09-09T07:29:46.830Z	5f53404f7fbd459d
worker1/DishwasherRack/out-left/s0/j2/n9/base	DishwasherRack/out-left	0	2	9	0	0	4.8	96	20	360	other	1	"[{""t"": 4.8, ""frame"": 96, ""type"": ""other"", ""note"": """"}]"	랙안에 그리퍼가 안들어갔는데 뺴려는 시도를 함		2026-09-09T07:30:11.281Z	c3483eecc5f6809f
worker1/DishwasherRack/out-left/s0/j3/n0/base	DishwasherRack/out-left	0	3	0	0	0	4.3	86	20	360	other	1	"[{""t"": 4.3, ""frame"": 86, ""type"": ""other"", ""note"": """"}]"	랙안에 그리퍼가 안들어갔는데 뺴려는 시도를 함		2026-09-09T08:13:50.081Z	9f478a9defbac034
worker1/DishwasherRack/out-left/s0/j3/n1/base	DishwasherRack/out-left	0	3	1	0	0	4.2	84	20	360	other	1	"[{""t"": 4.2, ""frame"": 84, ""type"": ""other"", ""note"": """"}]"	랙안에 그리퍼가 안들어갔는데 뺴려는 시도를 함		2026-09-09T08:14:06.332Z	e370bbbf7854bae9
worker1/DishwasherRack/out-left/s0/j3/n2/base	DishwasherRack/out-left	0	3	2	0	0	4.4	88	20	360	other	1	"[{""t"": 4.4, ""frame"": 88, ""type"": ""other"", ""note"": """"}]"	랙안에 그리퍼가 안들어갔는데 뺴려는 시도를 함		2026-09-09T08:14:29.433Z	19c8d2ed5872f7f0
worker1/DishwasherRack/out-left/s0/j3/n3/base	DishwasherRack/out-left	0	3	3	0	0	4.25	85	20	360	other	1	"[{""t"": 4.25, ""frame"": 85, ""type"": ""other"", ""note"": """"}]"	랙안에 그리퍼가 안들어갔는데 뺴려는 시도를 함		2026-09-09T08:15:06.933Z	ff2ad9dabfe0df0f
worker1/DishwasherRack/out-left/s0/j3/n4/base	DishwasherRack/out-left	0	3	4	0	0	4.4	88	20	360	other	1	"[{""t"": 4.4, ""frame"": 88, ""type"": ""other"", ""note"": """"}]"	랙안에 그리퍼가 안들어갔는데 뺴려는 시도를 함		2026-09-09T08:15:20.835Z	57cbe3f7aa90ad28
worker1/DishwasherRack/out-left/s0/j3/n5/base	DishwasherRack/out-left	0	3	5	0	0	4.3	86	20	360	other	1	"[{""t"": 4.3, ""frame"": 86, ""type"": ""other"", ""note"": """"}]"	랙안에 그리퍼가 안들어갔는데 뺴려는 시도를 함		2026-09-09T08:15:56.410Z	a7a0d42cfa18ac58
worker1/DishwasherRack/out-left/s0/j3/n6/base	DishwasherRack/out-left	0	3	6	0	0	4.4	88	20	360	other	1	"[{""t"": 4.4, ""frame"": 88, ""type"": ""other"", ""note"": """"}]"	랙안에 그리퍼가 안들어갔는데 뺴려는 시도를 함		2026-09-10T02:03:48.172Z	0927e9a517e6cdf1
worker1/DishwasherRack/out-left/s0/j3/n7/base	DishwasherRack/out-left	0	3	7	0	0	4.15	83	20	360	other	1	"[{""t"": 4.15, ""frame"": 83, ""type"": ""other"", ""note"": """"}]"	랙안에 그리퍼가 안들어갔는데 뺴려는 시도를 함		2026-09-10T02:04:00.572Z	e9b4128f2d73f75e
worker1/DishwasherRack/out-left/s0/j3/n8/base	DishwasherRack/out-left	0	3	8	0	0	3.95	79	20	360	other	1	"[{""t"": 3.95, ""frame"": 79, ""type"": ""other"", ""note"": """"}]"	랙안에 그리퍼가 안들어갔는데 뺴려는 시도를 함		2026-09-10T02:05:14.874Z	7a75536364f8cf49
worker1/DishwasherRack/out-left/s0/j3/n9/base	DishwasherRack/out-left	0	3	9	0	0	4.8	96	20	360	other	1	"[{""t"": 4.8, ""frame"": 96, ""type"": ""other"", ""note"": """"}]"	랙안에 그리퍼가 안들어갔는데 뺴려는 시도를 함		2026-09-10T02:05:31.013Z	2b2f3d07b857561b
worker1/DishwasherRack/out-left/s0/j4/n0/base	DishwasherRack/out-left	0	4	0	0	0	4.25	85	20	360	other	1	"[{""t"": 4.25, ""frame"": 85, ""type"": ""other"", ""note"": """"}]"	랙안에 그리퍼가 안들어갔는데 뺴려는 시도를 함누		2026-09-10T03:58:05.120Z	a502a9ddb9c84cce
worker1/DishwasherRack/out-left/s0/j4/n1/base	DishwasherRack/out-left	0	4	1	0	0	4.45	89	20	360	other	1	"[{""t"": 4.45, ""frame"": 89, ""type"": ""other"", ""note"": """"}]"	랙안에 그리퍼가 안들어갔는데 뺴려는 시도를 함		2026-09-10T03:58:20.619Z	3e57dae56c42144e
worker1/DishwasherRack/out-left/s0/j4/n2/base	DishwasherRack/out-left	0	4	2	0	0	4.2	84	20	360	other	1	"[{""t"": 4.2, ""frame"": 84, ""type"": ""other"", ""note"": """"}]"	랙안에 그리퍼가 안들어갔는데 뺴려는 시도를 함		2026-09-10T03:58:36.269Z	aad41d782b6a6c51
worker1/DishwasherRack/out-left/s0/j4/n3/base	DishwasherRack/out-left	0	4	3	0	0	4.55	91	20	360	other	1	"[{""t"": 4.55, ""frame"": 91, ""type"": ""other"", ""note"": """"}]"	랙안에 그리퍼가 안들어갔는데 뺴려는 시도를 함		2026-09-10T03:58:50.382Z	ea1bd118f993cebc
worker1/DishwasherRack/out-left/s0/j4/n4/base	DishwasherRack/out-left	0	4	4	0	0	4.6	92	20	360	other	1	"[{""t"": 4.6, ""frame"": 92, ""type"": ""other"", ""note"": """"}]"	랙안에 그리퍼가 안들어갔는데 뺴려는 시도를 함		2026-09-10T03:59:33.996Z	2b40175c87b63eb7
worker1/DishwasherRack/out-left/s0/j4/n5/base	DishwasherRack/out-left	0	4	5	0	0	4.3	86	20	360		1	"[{""t"": 4.3, ""frame"": 86, ""type"": null, ""note"": """"}]"	랙안에 그리퍼가 안들어갔는데 뺴려는 시도를 함		2026-09-10T03:59:52.834Z	6374c0d3726a2b30
worker1/DishwasherRack/out-left/s0/j4/n6/base	DishwasherRack/out-left	0	4	6	0	0	4.4	88	20	360		1	"[{""t"": 4.4, ""frame"": 88, ""type"": null, ""note"": """"}]"	랙안에 그리퍼가 안들어갔는데 뺴려는 시도를 함		2026-09-10T04:00:09.672Z	3714f1ac18099bca
worker1/DishwasherRack/out-left/s0/j4/n7/base	DishwasherRack/out-left	0	4	7	0	0	4.25	85	20	360	other	1	"[{""t"": 4.25, ""frame"": 85, ""type"": ""other"", ""note"": """"}]"	랙안에 그리퍼가 안들어갔는데 뺴려는 시도를 함		2026-09-10T05:30:04.411Z	f816e4b8f1a4580c
worker1/DishwasherRack/out-left/s0/j4/n8/base	DishwasherRack/out-left	0	4	8	0	0	4.9	98	20	360	other	1	"[{""t"": 4.9, ""frame"": 98, ""type"": ""other"", ""note"": """"}]"	랙안에 그리퍼가 안들어갔는데 뺴려는 시도를 함		2026-09-10T05:30:21.136Z	3f971411b1aa25a3
worker1/DishwasherRack/out-left/s0/j4/n9/base	DishwasherRack/out-left	0	4	9	0	0	4.85	97	20	360	other	1	"[{""t"": 4.85, ""frame"": 97, ""type"": ""other"", ""note"": """"}]"	랙안에 그리퍼가 안들어갔는데 뺴려는 시도를 함		2026-09-10T05:30:37.288Z	bdc46a1979362a78
worker1/DishwasherRack/out-left/s1/j0/n1/base	DishwasherRack/out-left	1	0	1	1	1			20	113		0	[]	살짝 밀어 넣고 성공		2026-09-11T05:40:23.788Z	23751041515c6e5a
worker1/DishwasherRack/out-left/s1/j0/n2/base	DishwasherRack/out-left	1	0	2	1	1			20	98		0	[]	살짝 밀어넣고 성공		2026-09-11T05:40:44.139Z	51d66cbd74501e79
worker1/DishwasherRack/out-left/s1/j1/n0/base	DishwasherRack/out-left	1	1	0	1	1			20	103		0	[]	살짝 밀어 넣고 성공		2026-09-11T05:41:42.140Z	30fddaea3d479d07
worker1/DishwasherRack/out-left/s1/j1/n1/base	DishwasherRack/out-left	1	1	1	1	1			20	175		0	[]	버벅이고 밀당하다 성공		2026-09-11T05:43:00.065Z	216aa0bb39b44eb9
worker1/DishwasherRack/out-left/s1/j1/n2/base	DishwasherRack/out-left	1	1	2	1	1			20	100		0	[]	살짝 밀고 성공		2026-09-11T05:43:13.789Z	5fe9a4e03ad981ca
worker1/DishwasherRack/out-left/s1/j1/n3/base	DishwasherRack/out-left	1	1	3	1	1			20	113		0	[]	약간 버벅 거리면서 성공		2026-09-11T06:03:01.078Z	9a93b58ded05f564
worker1/DishwasherRack/out-left/s1/j1/n9/base	DishwasherRack/out-left	1	1	9	1	1			20	95		0	[]	약간 밀고 성공		2026-09-11T06:04:33.052Z	7ca5aa3ad5dffeed
worker1/DishwasherRack/out-left/s1/j2/n0/base	DishwasherRack/out-left	1	2	0	0	0	3.75	75	20	360	collision_stuck	1	"[{""t"": 3.75, ""frame"": 75, ""type"": ""collision_stuck"", ""note"": """"}]"	랙 닿아서 밀림		2026-09-10T05:31:08.360Z	4897a726dbe484ad
worker1/DishwasherRack/out-left/s1/j2/n1/base	DishwasherRack/out-left	1	2	1	1	1			20	123		0	[]	떨다가 성공		2026-09-11T06:04:52.911Z	725d974cbf28d234
worker1/DishwasherRack/out-left/s1/j2/n2/base	DishwasherRack/out-left	1	2	2	1	1			20	108		0	[]	밀고 성공ㅌ		2026-09-11T06:05:05.661Z	06424a676e3e67ea
worker1/DishwasherRack/out-left/s1/j2/n3/base	DishwasherRack/out-left	1	2	3	1	1			20	105		0	[]	약간 떨면서 성공		2026-09-11T06:05:20.077Z	8d77894f80070728
worker1/DishwasherRack/out-left/s1/j2/n4/base	DishwasherRack/out-left	1	2	4	1	1			20	105		0	[]	조금 떨다가 성공		2026-09-11T06:08:03.446Z	217220a784dfa84a
worker1/DishwasherRack/out-left/s1/j2/n6/base	DishwasherRack/out-left	1	2	6	0	0	4.15	83	20	360		1	"[{""t"": 4.15, ""frame"": 83, ""type"": null, ""note"": """"}]"	랙 닿아서 밀림		2026-09-10T05:31:19.112Z	94d3c9b762af9d4a
worker1/DishwasherRack/out-left/s1/j2/n7/base	DishwasherRack/out-left	1	2	7	0	0	3.8	76	20	360	collision_stuck	1	"[{""t"": 3.8, ""frame"": 76, ""type"": ""collision_stuck"", ""note"": """"}]"	랙 닿아서 밀림		2026-09-10T05:35:23.826Z	1398afbf8be802fe
worker1/DishwasherRack/out-left/s1/j2/n8/base	DishwasherRack/out-left	1	2	8	0	0	3.8	76	20	360		1	"[{""t"": 3.8, ""frame"": 76, ""type"": null, ""note"": """"}]"	랙 닿아서 밀림		2026-09-10T05:38:27.304Z	3d1e53a51a64c66a
worker1/DishwasherRack/out-left/s1/j2/n9/base	DishwasherRack/out-left	1	2	9	0	0	3.9	78	20	360	collision_stuck	1	"[{""t"": 3.9, ""frame"": 78, ""type"": ""collision_stuck"", ""note"": """"}]"	랙 닿아서 밀림		2026-09-10T05:38:43.141Z	14e3349d538501e7
worker1/DishwasherRack/out-left/s1/j3/n0/base	DishwasherRack/out-left	1	3	0	1	1			20	140		0	[]	밀고 떨다가 성공		2026-09-11T06:08:29.936Z	cfa05ac0a0b8c7f1
worker1/DishwasherRack/out-left/s1/j3/n1/base	DishwasherRack/out-left	1	3	1	0	0	3.65	73	20	360	collision_stuck	1	"[{""t"": 3.65, ""frame"": 73, ""type"": ""collision_stuck"", ""note"": """"}]"	랙 닿아서 밀림		2026-09-10T05:39:27.541Z	054a4e621d5757cb
worker1/DishwasherRack/out-left/s1/j3/n2/base	DishwasherRack/out-left	1	3	2	1	1			20	170		0	[]	밀고 떨다가 성공		2026-09-11T06:08:46.638Z	183dce98a0f2d2d8
worker1/DishwasherRack/out-left/s1/j3/n5/base	DishwasherRack/out-left	1	3	5	0	0	3.75	75	20	360	collision_stuck	1	"[{""t"": 3.75, ""frame"": 75, ""type"": ""collision_stuck"", ""note"": """"}]"	랙 닿아서 밀림		2026-09-10T05:39:41.804Z	547b721f349c3e3c
worker1/DishwasherRack/out-left/s1/j3/n6/base	DishwasherRack/out-left	1	3	6	1	1			20	115		0	[]	실패하다 성공		2026-09-11T05:37:44.640Z	93e7463e66079913
worker1/DishwasherRack/out-left/s1/j3/n7/base	DishwasherRack/out-left	1	3	7	1	1			20	115		0	[]	실패하다 성공		2026-09-11T05:37:48.990Z	68864c3f3f1acacd
worker1/DishwasherRack/out-left/s1/j3/n8/base	DishwasherRack/out-left	1	3	8	1	1			20	125		0	[]	실패하다 성공		2026-09-11T05:38:01.268Z	3d8ca9dc5fb5d61a
worker1/DishwasherRack/out-left/s1/j3/n9/base	DishwasherRack/out-left	1	3	9	0	0	3.85	77	20	360	collision_stuck	1	"[{""t"": 3.85, ""frame"": 77, ""type"": ""collision_stuck"", ""note"": """"}]"	랙 닿아서 밀림		2026-09-10T05:39:54.129Z	730864642404ca3a
worker1/DishwasherRack/out-left/s1/j4/n0/base	DishwasherRack/out-left	1	4	0	0	0	3.9	78	20	360	collision_stuck	1	"[{""t"": 3.9, ""frame"": 78, ""type"": ""collision_stuck"", ""note"": """"}]"	랙 닿아서 밀림		2026-09-10T05:40:11.129Z	0e3fc48471289cf6
worker1/DishwasherRack/out-left/s1/j4/n1/base	DishwasherRack/out-left	1	4	1	0	0	4.05	81	20	360	collision_stuck	1	"[{""t"": 4.05, ""frame"": 81, ""type"": ""collision_stuck"", ""note"": """"}]"	랙 닿아서 밀림		2026-09-10T05:40:27.279Z	7897492e8fa4c9e0
worker1/DishwasherRack/out-left/s1/j4/n3/base	DishwasherRack/out-left	1	4	3	0	0	4.45	89	20	360	collision_stuck	1	"[{""t"": 4.45, ""frame"": 89, ""type"": ""collision_stuck"", ""note"": """"}]"	랙 닿아서 밀림		2026-09-10T05:41:08.642Z	cd67b98f47355d49
worker1/DishwasherRack/out-left/s1/j4/n4/base	DishwasherRack/out-left	1	4	4	0	0	4.4	88	20	360	collision_stuck	1	"[{""t"": 4.4, ""frame"": 88, ""type"": ""collision_stuck"", ""note"": """"}]"	랙 닿아서 밀림		2026-09-10T05:41:21.616Z	edf42d72c2dcfda3
worker1/DishwasherRack/out-left/s1/j4/n5/base	DishwasherRack/out-left	1	4	5	0	0	4.3	86	20	360	collision_stuck	1	"[{""t"": 4.3, ""frame"": 86, ""type"": ""collision_stuck"", ""note"": """"}]"	랙 닿아서 밀림ㄴ		2026-09-10T05:41:44.254Z	43d00b8d1b81c879
worker1/DishwasherRack/out-left/s1/j4/n6/base	DishwasherRack/out-left	1	4	6	0	0	4.15	83	20	360	collision_stuck	1	"[{""t"": 4.15, ""frame"": 83, ""type"": ""collision_stuck"", ""note"": """"}]"	랙 닿아서 밀림		2026-09-10T05:42:03.367Z	a1a37d9b78d88fce
worker1/DishwasherRack/out-left/s1/j4/n7/base	DishwasherRack/out-left	1	4	7	0	0	4.15	83	20	360	collision_stuck	1	"[{""t"": 4.15, ""frame"": 83, ""type"": ""collision_stuck"", ""note"": """"}]"	랙 닿아서 밀림		2026-09-10T05:42:56.993Z	4e5b5aaf927b9057
worker1/DishwasherRack/out-left/s1/j4/n8/base	DishwasherRack/out-left	1	4	8	0	0	4.1	82	20	360	collision_stuck	1	"[{""t"": 4.1, ""frame"": 82, ""type"": ""collision_stuck"", ""note"": """"}]"	랙 닿아서 밀림		2026-09-10T05:45:16.118Z	156d5c9fca70a50c
worker1/DishwasherRack/out-left/s1/j4/n9/base	DishwasherRack/out-left	1	4	9	0	0	4.1	82	20	360	collision_stuck	1	"[{""t"": 4.1, ""frame"": 82, ""type"": ""collision_stuck"", ""note"": """"}]"	랙 닿아서 밀림		2026-09-10T05:45:32.568Z	525846f3a8e63f47
worker1/DishwasherRack/out-left/s2/j2/n9/base	DishwasherRack/out-left	2	2	9	0	0	4.1	82	20	360	collision_stuck	1	"[{""t"": 4.1, ""frame"": 82, ""type"": ""collision_stuck"", ""note"": """"}]"	랙 닿아서 밀림		2026-09-10T06:07:08.035Z	caca49e76f94b6eb
worker1/DishwasherRack/out-left/s2/j3/n0/base	DishwasherRack/out-left	2	3	0	0	0	3.6	72	20	360	collision_stuck	1	"[{""t"": 3.6, ""frame"": 72, ""type"": ""collision_stuck"", ""note"": """"}]"	랙 닿아서 밀림		2026-09-10T06:07:25.086Z	4c9404f42932c042
worker1/DishwasherRack/out-left/s2/j3/n4/base	DishwasherRack/out-left	2	3	4	0	0	4.05	81	20	360	collision_stuck	1	"[{""t"": 4.05, ""frame"": 81, ""type"": ""collision_stuck"", ""note"": """"}]"	랙 닿아서 밀림		2026-09-10T06:07:36.873Z	2142a0183de21b99
worker1/DishwasherRack/out-left/s2/j3/n5/base	DishwasherRack/out-left	2	3	5	0	0	3.9	78	20	360	collision_stuck	1	"[{""t"": 3.9, ""frame"": 78, ""type"": ""collision_stuck"", ""note"": """"}]"	랙 닿아서 밀림		2026-09-10T06:07:47.135Z	fd1c15d664bbba39
worker1/DishwasherRack/out-left/s2/j3/n8/base	DishwasherRack/out-left	2	3	8	0	0	3.8	76	20	360	collision_stuck	1	"[{""t"": 3.8, ""frame"": 76, ""type"": ""collision_stuck"", ""note"": """"}]"	랙 닿아서 밀림		2026-09-10T06:07:59.623Z	7e4370ea73d0865d
worker1/DishwasherRack/out-left/s2/j4/n3/base	DishwasherRack/out-left	2	4	3	0	0	4.95	99	20	360	collision_stuck	1	"[{""t"": 4.95, ""frame"": 99, ""type"": ""collision_stuck"", ""note"": """"}]"	랙 닿아서 밀림		2026-09-10T06:09:14.675Z	85904f5ca162c39b
worker1/DishwasherRack/out-left/s2/j4/n6/base	DishwasherRack/out-left	2	4	6	0	0	4.5	90	20	360	collision_stuck	1	"[{""t"": 4.5, ""frame"": 90, ""type"": ""collision_stuck"", ""note"": """"}]"	랙 닿아서 밀림		2026-09-10T06:09:23.837Z	21ed40ab87ec9d08
worker1/DishwasherRack/out-left/s2/j4/n7/base	DishwasherRack/out-left	2	4	7	0	0	4.45	89	20	360	collision_stuck	1	"[{""t"": 4.45, ""frame"": 89, ""type"": ""collision_stuck"", ""note"": """"}]"	랙 닿아서 밀림		2026-09-10T06:09:33.750Z	0ed71073db3e5c3a
worker1/DishwasherRack/out-left/s2/j4/n8/base	DishwasherRack/out-left	2	4	8	0	0	4.55	91	20	360	collision_stuck	1	"[{""t"": 4.55, ""frame"": 91, ""type"": ""collision_stuck"", ""note"": """"}]"	랙 닿아서 밀림		2026-09-10T06:09:43.799Z	ba75376ebba4cfc6
worker1/DishwasherRack/out-right/s0/j0/n0/base	DishwasherRack/out-right	0	0	0	0	1			20	360		0	[]			2026-09-10T06:10:25.237Z	9130fd9f0a9c71dd
worker1/DishwasherRack/out-right/s1/j2/n0/base	DishwasherRack/out-right	1	2	0	0	0	5.15	103	20	360	other	1	"[{""t"": 5.15, ""frame"": 103, ""type"": ""other"", ""note"": """"}]"	랙에 손 안넣고 그냥 당기려고 함		2026-09-10T06:30:24.967Z	922f5634838fbb09
worker1/DishwasherRack/out-right/s1/j2/n1/base	DishwasherRack/out-right	1	2	1	0	0	5.8	116	20	360	other	1	"[{""t"": 5.8, ""frame"": 116, ""type"": ""other"", ""note"": """"}]"	랙에 손 안넣고 그냥 당기려고 함		2026-09-10T06:32:36.531Z	c28451c3654701c7
worker1/DishwasherRack/out-right/s1/j2/n2/base	DishwasherRack/out-right	1	2	2	0	0	5.75	115	20	360	other	1	"[{""t"": 5.75, ""frame"": 115, ""type"": ""other"", ""note"": """"}]"	랙에 손 안넣고 그냥 당기려고 함		2026-09-10T06:32:50.605Z	28c474529192d454
worker1/DishwasherRack/out-right/s1/j2/n3/base	DishwasherRack/out-right	1	2	3	0	0	5.55	111	20	360	other	1	"[{""t"": 5.55, ""frame"": 111, ""type"": ""other"", ""note"": """"}]"	랙에 손 안넣고 그냥 당기려고 함		2026-09-10T06:33:04.168Z	da5ca2430907de01
worker1/DishwasherRack/out-right/s1/j2/n4/base	DishwasherRack/out-right	1	2	4	0	0	5.45	109	20	360	other	1	"[{""t"": 5.45, ""frame"": 109, ""type"": ""other"", ""note"": """"}]"	랙에 손 안넣고 그냥 당기려고 함		2026-09-10T06:33:20.482Z	bdb4d6e8afcdd1e4
worker1/DishwasherRack/out-right/s1/j2/n5/base	DishwasherRack/out-right	1	2	5	0	0	4.55	91	20	360	other	1	"[{""t"": 4.55, ""frame"": 91, ""type"": ""other"", ""note"": """"}]"	랙에 손 안넣고 그냥 당기려고 함		2026-09-10T06:33:33.781Z	e33c96037bdda5ef
worker1/DishwasherRack/out-right/s1/j2/n6/base	DishwasherRack/out-right	1	2	6	0	0	4.4	88	20	360	other	1	"[{""t"": 4.4, ""frame"": 88, ""type"": ""other"", ""note"": """"}]"	랙에 손 안넣고 그냥 당기려고 함		2026-09-10T06:33:58.906Z	e8d5d59006e8c1eb
worker1/DishwasherRack/out-right/s1/j2/n7/base	DishwasherRack/out-right	1	2	7	0	0	4.25	85	20	360	other	1	"[{""t"": 4.25, ""frame"": 85, ""type"": ""other"", ""note"": """"}]"	랙에 손 안넣고 그냥 당기려고 함		2026-09-10T06:34:12.231Z	da7266e95a9c205e
worker1/DishwasherRack/out-right/s1/j2/n8/base	DishwasherRack/out-right	1	2	8	1	1			20	220		0	[]	이건 존나 우연인데 솔직히 성공판에서 뺴야할듯?		2026-09-11T05:38:31.450Z	c61638a66ab1adda
worker1/DishwasherRack/out-right/s1/j2/n9/base	DishwasherRack/out-right	1	2	9	0	1			20	360		0	[]			2026-09-10T06:34:34.957Z	23eb49cfe72aca99
worker1/OvenRack/out-right/s0/j0/n1/base	OvenRack/out-right	0	0	1	0	0	4.25	85	20	360	other	1	"[{""t"": 4.25, ""frame"": 85, ""type"": ""other"", ""note"": """"}]"	랙을 밀어버림		2026-09-10T07:08:22.338Z	cdd936529cc2e55d
worker1/OvenRack/out-right/s0/j0/n6/base	OvenRack/out-right	0	0	6	0	0	4.85	97	20	360	other	1	"[{""t"": 4.85, ""frame"": 97, ""type"": ""other"", ""note"": """"}]"	랙을 밀어버림		2026-09-10T07:08:40.750Z	b1ca4a0069a6f8d9
worker1/OvenRack/out-right/s0/j0/n8/base	OvenRack/out-right	0	0	8	0	0	5.15	103	20	360	other	1	"[{""t"": 5.15, ""frame"": 103, ""type"": ""other"", ""note"": """"}]"	랙을 밀어버림		2026-09-10T07:09:04.589Z	5d1335df2e4c9662
worker1/OvenRack/out-right/s0/j0/n9/base	OvenRack/out-right	0	0	9	0	0	5.3	106	20	360	other	1	"[{""t"": 5.3, ""frame"": 106, ""type"": ""other"", ""note"": """"}]"	잘 뺴다가 관절 꺽이면서 민듯?		2026-09-10T07:09:41.951Z	3c3ca3c12609be8d
worker1/OvenRack/out-right/s1/j0/n0/base	OvenRack/out-right	1	0	0	0	0	11.05	221	20	360	other	1	"[{""t"": 11.05, ""frame"": 221, ""type"": ""other"", ""note"": """"}]"	랙을 밀어버림		2026-09-10T07:10:38.415Z	2343f12e55ba5836
worker1/OvenRack/out-right/s1/j0/n1/base	OvenRack/out-right	1	0	1	0	0	9.4	188	20	360		1	"[{""t"": 9.4, ""frame"": 188, ""type"": null, ""note"": """"}]"	랙을 밀어버림		2026-09-10T07:11:02.565Z	7d3b5da8a66d0028
worker1/OvenRack/out-right/s1/j0/n2/base	OvenRack/out-right	1	0	2	0	0	7.1	142	20	360	other	1	"[{""t"": 7.1, ""frame"": 142, ""type"": ""other"", ""note"": """"}]"	랙을 밀어버림		2026-09-10T07:11:36.228Z	3256a25f02712817
worker1/OvenRack/out-right/s1/j0/n3/base	OvenRack/out-right	1	0	3	0	0	6.7	134	20	360	other	1	"[{""t"": 6.7, ""frame"": 134, ""type"": ""other"", ""note"": """"}]"	랙을 밀어버림		2026-09-10T07:13:41.729Z	2ea55d298aad66c3
worker1/OvenRack/out-right/s1/j0/n4/base	OvenRack/out-right	1	0	4	0	0	8.25	165	20	360	other	1	"[{""t"": 8.25, ""frame"": 165, ""type"": ""other"", ""note"": """"}]"	랙을 밀어버림		2026-09-10T07:14:43.242Z	db3e87ba8127b919
worker1/OvenRack/out-right/s1/j0/n5/base	OvenRack/out-right	1	0	5	0	0	8.45	169	20	360	other	1	"[{""t"": 8.45, ""frame"": 169, ""type"": ""other"", ""note"": """"}]"	랙을 밀어버림		2026-09-10T07:51:40.189Z	0fddbf5e3128f4ff
worker1/OvenRack/out-right/s1/j0/n8/base	OvenRack/out-right	1	0	8	0	0	9.6	192	20	360	other	1	"[{""t"": 9.6, ""frame"": 192, ""type"": ""other"", ""note"": """"}]"	랙을 밀어버림		2026-09-10T07:51:49.889Z	508fdd36156d6730
worker2/PPCC/bread/s0/j0/n3/base	PPCC/bread	0	0	3	0	0	1.85	37	20	360	grasp_miss	5	"[{""t"": 1.85, ""frame"": 37, ""type"": ""grasp_miss"", ""note"": """"}, {""t"": 2.75, ""frame"": 55, ""type"": ""grasp_miss"", ""note"": """"}, {""t"": 3.6, ""frame"": 72, ""type"": ""grasp_miss"", ""note"": """"}, {""t"": 4.8, ""frame"": 96, ""type"": ""grasp_miss"", ""note"": """"}, {""t"": 5.3, ""frame"": 106, ""type"": ""grasp_miss"", ""note"": """"}]"			2026-09-10T07:52:28.803Z	9c4c827f3db5fe8e
worker2/PPCC/bread/s0/j0/n4/base	PPCC/bread	0	0	4	0	0	3.25	65	20	360	drop	4	"[{""t"": 3.25, ""frame"": 65, ""type"": ""drop"", ""note"": """"}, {""t"": 6.45, ""frame"": 129, ""type"": ""wrong_target"", ""note"": """"}, {""t"": 8.5, ""frame"": 170, ""type"": ""drop"", ""note"": """"}, {""t"": 11.85, ""frame"": 237, ""type"": ""grasp_miss"", ""note"": """"}]"			2026-09-10T07:53:30.819Z	829f5938532e176e
worker2/PPCC/bread/s0/j0/n5/base	PPCC/bread	0	0	5	0	0	1.75	35	20	360	grasp_miss	3	"[{""t"": 1.75, ""frame"": 35, ""type"": ""grasp_miss"", ""note"": """"}, {""t"": 5.15, ""frame"": 103, ""type"": ""grasp_miss"", ""note"": """"}, {""t"": 12.25, ""frame"": 245, ""type"": ""drop"", ""note"": """"}]"			2026-09-10T07:54:15.816Z	b44b9674afc01dcb
worker2/PPCC/bread/s0/j0/n6/base	PPCC/bread	0	0	6	0	0	1.75	35	20	360	grasp_miss	1	"[{""t"": 1.75, ""frame"": 35, ""type"": ""grasp_miss"", ""note"": """"}]"			2026-09-10T08:23:58.741Z	899f53bb36b357bf
worker2/PPCC/bread/s0/j0/n7/base	PPCC/bread	0	0	7	0	0	2.1	42	20	360	drop	2	"[{""t"": 2.1, ""frame"": 42, ""type"": ""drop"", ""note"": """"}, {""t"": 6.8, ""frame"": 136, ""type"": ""drop"", ""note"": """"}]"			2026-09-10T08:24:27.791Z	fad7b9bd2a11b4da
worker2/PPCC/bread/s0/j0/n9/base	PPCC/bread	0	0	9	0	0	2.1	42	20	360	drop	1	"[{""t"": 2.1, ""frame"": 42, ""type"": ""drop"", ""note"": """"}]"			2026-09-10T08:24:46.466Z	cdeacb79b2acc159
worker2/PPCC/bread/s0/j1/n3/base	PPCC/bread	0	1	3	1	0	2.4	48	20	278	drop	1	"[{""t"": 2.4, ""frame"": 48, ""type"": ""drop"", ""note"": """"}]"	떨어 뜨린 후 덜덜대다가 다시 집고 성공		2026-09-11T06:12:50.064Z	f5ae3ecf93bf5d8c
worker2/PPCC/bread/s0/j1/n4/base	PPCC/bread	0	1	4	0	1			20	360		0	[]	떨어 뜨리고 다시 못집고 바닥어 떨어뜨리고 wrong object 노려버림		2026-09-11T06:11:25.132Z	06860cc5ed02fd9d
worker2/PPCC/bread/s0/j2/n9/base	PPCC/bread	0	2	9	1	0	2.4	48	20	260	grasp_miss	2	"[{""t"": 2.4, ""frame"": 48, ""type"": ""grasp_miss"", ""note"": """"}, {""t"": 6.85, ""frame"": 137, ""type"": ""drop"", ""note"": """"}]"	떨어뜨리고 다시 주움		2026-09-11T06:17:43.078Z	9b1d5d1b9d9e8af5
worker2/PPCC/candle/s0/j0/n0/base	PPCC/candle	0	0	0	0	0	5.55	111	20	360	drop	1	"[{""t"": 5.55, ""frame"": 111, ""type"": ""drop"", ""note"": """"}]"			2026-09-10T08:29:24.346Z	8a2f5d9aa5bf33fc
worker2/PPCC/candle/s0/j0/n1/base	PPCC/candle	0	0	1	0	0	2.7	54	20	360	drop	2	"[{""t"": 2.7, ""frame"": 54, ""type"": ""drop"", ""note"": """"}, {""t"": 8.55, ""frame"": 171, ""type"": ""grasp_miss"", ""note"": """"}]"			2026-09-10T08:29:48.534Z	25151d2339da44f1
worker2/PPCC/candle/s0/j0/n2/base	PPCC/candle	0	0	2	1	0	1.9	38	20	203	grasp_miss	1	"[{""t"": 1.9, ""frame"": 38, ""type"": ""grasp_miss"", ""note"": """"}]"			2026-09-14T08:10:30.388Z	f35cc18e670a1f27
worker2/PPCC/candle/s0/j0/n3/base	PPCC/candle	0	0	3	1	0	1.95	39	20	200	grasp_miss	1	"[{""t"": 1.95, ""frame"": 39, ""type"": ""grasp_miss"", ""note"": """"}]"			2026-09-14T08:10:45.813Z	cf107e083e107f61
worker2/PPCC/candle/s0/j0/n4/base	PPCC/candle	0	0	4	1	0	1.7	34	20	228	grasp_miss	1	"[{""t"": 1.7, ""frame"": 34, ""type"": ""grasp_miss"", ""note"": """"}]"			2026-09-14T08:10:54.814Z	8c572d98c6210a21
worker2/PPCC/candle/s1/j1/n4/base	PPCC/candle	1	1	4	0	0	3.3	66	20	360	collision_stuck	1	"[{""t"": 3.3, ""frame"": 66, ""type"": ""collision_stuck"", ""note"": """"}]"	초가 선반에 닿아서 떨어짐		2026-09-10T08:30:27.734Z	2966a4263d3ba91e
worker2/PPCC/candle/s2/j2/n1/base	PPCC/candle	2	2	1	0	0	1.55	31	20	360	collision_stuck	1	"[{""t"": 1.55, ""frame"": 31, ""type"": ""collision_stuck"", ""note"": """"}]"			2026-09-10T08:31:56.438Z	94b8aa5ef33d6ef7
worker2/PPCC/candle/s2/j2/n2/base	PPCC/candle	2	2	2	0	0	1.5	30	20	360	grasp_miss	1	"[{""t"": 1.5, ""frame"": 30, ""type"": ""grasp_miss"", ""note"": """"}]"			2026-09-10T08:32:02.437Z	952a4e59b5dba607
worker2/PPCC/candle/s2/j2/n9/base	PPCC/candle	2	2	9	0	0	1.9	38	20	360	grasp_miss	1	"[{""t"": 1.9, ""frame"": 38, ""type"": ""grasp_miss"", ""note"": """"}]"			2026-09-10T08:32:12.525Z	46c9da069651d8fb
worker2/PPCC/jug/s0/j2/n0/base	PPCC/jug	0	2	0	0	0	2.55	51	20	360	grasp_miss	1	"[{""t"": 2.55, ""frame"": 51, ""type"": ""grasp_miss"", ""note"": """"}]"			2026-09-10T08:40:45.347Z	efd5f7de6484bebe
worker2/PPCC/jug/s0/j2/n1/base	PPCC/jug	0	2	1	0	0	3.5	70	20	360	drop	1	"[{""t"": 3.5, ""frame"": 70, ""type"": ""drop"", ""note"": """"}]"			2026-09-10T08:33:54.501Z	3cedddd4f9246208
worker2/PPCC/jug/s0/j2/n2/base	PPCC/jug	0	2	2	0	0	2.35	47	20	360	grasp_miss	1	"[{""t"": 2.35, ""frame"": 47, ""type"": ""grasp_miss"", ""note"": """"}]"			2026-09-10T08:40:54.085Z	a3624a9d5b66cc83
worker2/PPCC/jug/s0/j2/n3/base	PPCC/jug	0	2	3	0	0	3.25	65	20	360	drop	1	"[{""t"": 3.25, ""frame"": 65, ""type"": ""drop"", ""note"": """"}]"			2026-09-10T08:34:10.014Z	6c222273f4ebe083
worker2/PPCC/jug/s0/j2/n4/base	PPCC/jug	0	2	4	0	0	2.25	45	20	360	grasp_miss	2	"[{""t"": 2.25, ""frame"": 45, ""type"": ""grasp_miss"", ""note"": """"}, {""t"": 13.6, ""frame"": 272, ""type"": ""drop"", ""note"": """"}]"			2026-09-10T08:41:01.197Z	928c248eabd462c3
worker2/PPCC/jug/s0/j2/n5/base	PPCC/jug	0	2	5	0	0	2.05	41	20	360	grasp_miss	1	"[{""t"": 2.05, ""frame"": 41, ""type"": ""grasp_miss"", ""note"": """"}]"			2026-09-10T08:41:05.560Z	38cd1dfec4380df4
worker2/PPCC/jug/s0/j2/n6/base	PPCC/jug	0	2	6	0	0	1.75	35	20	360	grasp_miss	2	"[{""t"": 1.75, ""frame"": 35, ""type"": ""grasp_miss"", ""note"": """"}, {""t"": 13.75, ""frame"": 275, ""type"": ""drop"", ""note"": """"}]"			2026-09-10T08:41:12.022Z	9157d2c9b3306aca
worker2/PPCC/jug/s0/j2/n7/base	PPCC/jug	0	2	7	0	0	2.4	48	20	360	grasp_miss	1	"[{""t"": 2.4, ""frame"": 48, ""type"": ""grasp_miss"", ""note"": """"}]"			2026-09-10T08:41:16.210Z	322459052c3a6237
worker2/PPCC/jug/s1/j1/n0/base	PPCC/jug	1	1	0	0	0	3.35	67	20	360	drop	1	"[{""t"": 3.35, ""frame"": 67, ""type"": ""drop"", ""note"": """"}]"			2026-09-10T08:35:29.591Z	ae292b02367206c4
worker2/PPCC/jug/s1/j1/n1/base	PPCC/jug	1	1	1	0	0	1.95	39	20	360	grasp_miss	1	"[{""t"": 1.95, ""frame"": 39, ""type"": ""grasp_miss"", ""note"": """"}]"			2026-09-10T08:41:37.010Z	a95198c373af583c
worker2/PPCC/jug/s1/j1/n2/base	PPCC/jug	1	1	2	0	0	2.2	44	20	360	grasp_miss	1	"[{""t"": 2.2, ""frame"": 44, ""type"": ""grasp_miss"", ""note"": """"}]"			2026-09-10T08:41:54.648Z	a5bd73a53f0ccb70
worker2/PPCC/jug/s1/j1/n3/base	PPCC/jug	1	1	3	0	0	2.1	42	20	360	grasp_miss	1	"[{""t"": 2.1, ""frame"": 42, ""type"": ""grasp_miss"", ""note"": """"}]"			2026-09-10T08:41:58.336Z	805efe21f23137b3
worker2/PPCC/jug/s1/j1/n5/base	PPCC/jug	1	1	5	0	0	1.7	34	20	360	grasp_miss	1	"[{""t"": 1.7, ""frame"": 34, ""type"": ""grasp_miss"", ""note"": """"}]"			2026-09-10T08:42:02.211Z	38c13fa9b4376328
worker2/PPCC/jug/s1/j1/n6/base	PPCC/jug	1	1	6	0	0	1.9	38	20	360	grasp_miss	1	"[{""t"": 1.9, ""frame"": 38, ""type"": ""grasp_miss"", ""note"": """"}]"			2026-09-10T08:42:08.173Z	e12d6c08de30fcde
worker2/PPCC/jug/s1/j1/n7/base	PPCC/jug	1	1	7	0	0	2.35	47	20	360	drop	1	"[{""t"": 2.35, ""frame"": 47, ""type"": ""drop"", ""note"": """"}]"			2026-09-10T08:39:39.671Z	69ca84dbe8b1fe37
worker2/PPCC/marshmallow/s0/j0/n7/base	PPCC/marshmallow	0	0	7	0	0	2.0	40	20	360	grasp_miss	1	"[{""t"": 2, ""frame"": 40, ""type"": ""grasp_miss"", ""note"": """"}]"			2026-09-10T08:40:20.296Z	3dc2bef777c036d7
worker2/PPCC/marshmallow/s0/j0/n8/base	PPCC/marshmallow	0	0	8	0	0	2.2	44	20	360	grasp_miss	1	"[{""t"": 2.2, ""frame"": 44, ""type"": ""grasp_miss"", ""note"": """"}]"			2026-09-10T08:42:14.835Z	eb834e4369f4a744
