plan_id	machine	grid_instruction	scene_idx	jitter_idx	noise_idx	jitter_reset_idx	base_lat	base_back	env_seed	inference_seed	sig	success	rel_path
77e745c37b0f	kanu	OpenDrawer/left	0	0	0	0	0.0	0.0	100245	1300000	cdb85ab3baf79962	0	77e745c37b0f/kanu/OpenDrawer/left/s0/j0/n0/base
77e745c37b0f	kanu	OpenDrawer/left	0	0	1	0	0.0	0.0	100245	1300001	77ea292cceb34b47	0	77e745c37b0f/kanu/OpenDrawer/left/s0/j0/n1/base
77e745c37b0f	kanu	OpenDrawer/left	0	0	2	0	0.0	0.0	100245	1300002	704ad9e45fdd3017	1	77e745c37b0f/kanu/OpenDrawer/left/s0/j0/n2/base
77e745c37b0f	kanu	OpenDrawer/left	0	0	3	0	0.0	0.0	100245	1300003	31d3ffe0b8b1bf05	0	77e745c37b0f/kanu/OpenDrawer/left/s0/j0/n3/base
77e745c37b0f	kanu	OpenDrawer/left	0	0	4	0	0.0	0.0	100245	1300004	c55b48cdc47bd4ba	0	77e745c37b0f/kanu/OpenDrawer/left/s0/j0/n4/base
77e745c37b0f	kanu	OpenDrawer/left	0	0	5	0	0.0	0.0	100245	1300005	d2c3fc9783d89c22	1	77e745c37b0f/kanu/OpenDrawer/left/s0/j0/n5/base
77e745c37b0f	kanu	OpenDrawer/left	0	0	6	0	0.0	0.0	100245	1300006	e5c161c0d18f765c	1	77e745c37b0f/kanu/OpenDrawer/left/s0/j0/n6/base
77e745c37b0f	kanu	OpenDrawer/left	0	0	7	0	0.0	0.0	100245	1300007	41fa1915d5ca524e	1	77e745c37b0f/kanu/OpenDrawer/left/s0/j0/n7/base
77e745c37b0f	kanu	OpenDrawer/left	0	0	8	0	0.0	0.0	100245	1300008	0b441e7756c01a66	1	77e745c37b0f/kanu/OpenDrawer/left/s0/j0/n8/base
77e745c37b0f	kanu	OpenDrawer/left	0	0	9	0	0.0	0.0	100245	1300009	ea28ac449d3aed47	1	77e745c37b0f/kanu/OpenDrawer/left/s0/j0/n9/base
77e745c37b0f	kanu	OpenDrawer/left	0	1	0	1	0.0	0.05	100245	1300000	33e89d31f4e6be51	0	77e745c37b0f/kanu/OpenDrawer/left/s0/j1/n0/base
77e745c37b0f	kanu	OpenDrawer/left	0	1	1	1	0.0	0.05	100245	1300001	7d1958f1803706ba	1	77e745c37b0f/kanu/OpenDrawer/left/s0/j1/n1/base
77e745c37b0f	kanu	OpenDrawer/left	0	1	2	1	0.0	0.05	100245	1300002	7a82953b0ee787ae	1	77e745c37b0f/kanu/OpenDrawer/left/s0/j1/n2/base
77e745c37b0f	kanu	OpenDrawer/left	0	1	3	1	0.0	0.05	100245	1300003	369a5cfb42851e90	1	77e745c37b0f/kanu/OpenDrawer/left/s0/j1/n3/base
77e745c37b0f	kanu	OpenDrawer/left	0	1	4	1	0.0	0.05	100245	1300004	a27ab858fa099e1b	1	77e745c37b0f/kanu/OpenDrawer/left/s0/j1/n4/base
77e745c37b0f	kanu	OpenDrawer/left	0	1	5	1	0.0	0.05	100245	1300005	ab82408ef0721d83	1	77e745c37b0f/kanu/OpenDrawer/left/s0/j1/n5/base
77e745c37b0f	kanu	OpenDrawer/left	0	1	6	1	0.0	0.05	100245	1300006	479bd116def1db74	1	77e745c37b0f/kanu/OpenDrawer/left/s0/j1/n6/base
77e745c37b0f	kanu	OpenDrawer/left	0	1	7	1	0.0	0.05	100245	1300007	1a446ca7736f2d41	1	77e745c37b0f/kanu/OpenDrawer/left/s0/j1/n7/base
77e745c37b0f	kanu	OpenDrawer/left	0	1	8	1	0.0	0.05	100245	1300008	d62624445906b198	1	77e745c37b0f/kanu/OpenDrawer/left/s0/j1/n8/base
77e745c37b0f	kanu	OpenDrawer/left	0	1	9	1	0.0	0.05	100245	1300009	bf5bd8b4d8c2f7ac	1	77e745c37b0f/kanu/OpenDrawer/left/s0/j1/n9/base
77e745c37b0f	kanu	OpenDrawer/left	0	2	0	2	0.0	0.1	100245	1300000	20276dd634fb5cb7	1	77e745c37b0f/kanu/OpenDrawer/left/s0/j2/n0/base
77e745c37b0f	kanu	OpenDrawer/left	0	2	1	2	0.0	0.1	100245	1300001	05a23b495350e0c6	1	77e745c37b0f/kanu/OpenDrawer/left/s0/j2/n1/base
77e745c37b0f	kanu	OpenDrawer/left	0	2	2	2	0.0	0.1	100245	1300002	158ac0c1f2d87aca	1	77e745c37b0f/kanu/OpenDrawer/left/s0/j2/n2/base
77e745c37b0f	kanu	OpenDrawer/left	0	2	3	2	0.0	0.1	100245	1300003	a827ef503a14f4c6	1	77e745c37b0f/kanu/OpenDrawer/left/s0/j2/n3/base
77e745c37b0f	kanu	OpenDrawer/left	0	2	4	2	0.0	0.1	100245	1300004	3d1929f83bbaef8d	0	77e745c37b0f/kanu/OpenDrawer/left/s0/j2/n4/base
77e745c37b0f	kanu	OpenDrawer/left	0	2	5	2	0.0	0.1	100245	1300005	ca6ccf44e93997d5	0	77e745c37b0f/kanu/OpenDrawer/left/s0/j2/n5/base
77e745c37b0f	kanu	OpenDrawer/left	0	2	6	2	0.0	0.1	100245	1300006	6d526f1095b4a4c8	0	77e745c37b0f/kanu/OpenDrawer/left/s0/j2/n6/base
77e745c37b0f	kanu	OpenDrawer/left	0	2	7	2	0.0	0.1	100245	1300007	316a8ef24534721e	0	77e745c37b0f/kanu/OpenDrawer/left/s0/j2/n7/base
77e745c37b0f	kanu	OpenDrawer/left	0	2	8	2	0.0	0.1	100245	1300008	cc0ba037249020ac	1	77e745c37b0f/kanu/OpenDrawer/left/s0/j2/n8/base
77e745c37b0f	kanu	OpenDrawer/left	0	2	9	2	0.0	0.1	100245	1300009	b32b5575b7d5dbca	1	77e745c37b0f/kanu/OpenDrawer/left/s0/j2/n9/base
77e745c37b0f	kanu	OpenDrawer/left	0	3	0	4	0.0	0.05	100245	1300000	e263f8df27b8412a	0	77e745c37b0f/kanu/OpenDrawer/left/s0/j3/n0/base
77e745c37b0f	kanu	OpenDrawer/left	0	3	1	4	0.0	0.05	100245	1300001	c5c658fa80c1ea47	0	77e745c37b0f/kanu/OpenDrawer/left/s0/j3/n1/base
77e745c37b0f	kanu	OpenDrawer/left	0	3	2	4	0.0	0.05	100245	1300002	cbb400c9856854c8	1	77e745c37b0f/kanu/OpenDrawer/left/s0/j3/n2/base
77e745c37b0f	kanu	OpenDrawer/left	0	3	3	4	0.0	0.05	100245	1300003	3bc7c83f7532a02b	0	77e745c37b0f/kanu/OpenDrawer/left/s0/j3/n3/base
77e745c37b0f	kanu	OpenDrawer/left	0	3	4	4	0.0	0.05	100245	1300004	6fd9aa3a7812999b	0	77e745c37b0f/kanu/OpenDrawer/left/s0/j3/n4/base
77e745c37b0f	kanu	OpenDrawer/left	0	3	5	4	0.0	0.05	100245	1300005	3aa6eefc343eef82	1	77e745c37b0f/kanu/OpenDrawer/left/s0/j3/n5/base
77e745c37b0f	kanu	OpenDrawer/left	0	3	6	4	0.0	0.05	100245	1300006	91924f67c029679b	1	77e745c37b0f/kanu/OpenDrawer/left/s0/j3/n6/base
77e745c37b0f	kanu	OpenDrawer/left	0	3	7	4	0.0	0.05	100245	1300007	d6b7a0e0b3046155	1	77e745c37b0f/kanu/OpenDrawer/left/s0/j3/n7/base
77e745c37b0f	kanu	OpenDrawer/left	0	3	8	4	0.0	0.05	100245	1300008	75256d911f19d88c	1	77e745c37b0f/kanu/OpenDrawer/left/s0/j3/n8/base
77e745c37b0f	kanu	OpenDrawer/left	0	3	9	4	0.0	0.05	100245	1300009	2c4cea8177b53f60	0	77e745c37b0f/kanu/OpenDrawer/left/s0/j3/n9/base
77e745c37b0f	kanu	OpenDrawer/left	0	4	0	8	0.0	0.1	100245	1300000	649be897c44de67b	1	77e745c37b0f/kanu/OpenDrawer/left/s0/j4/n0/base
77e745c37b0f	kanu	OpenDrawer/left	0	4	1	8	0.0	0.1	100245	1300001	de95a63e2198bd41	1	77e745c37b0f/kanu/OpenDrawer/left/s0/j4/n1/base
77e745c37b0f	kanu	OpenDrawer/left	0	4	2	8	0.0	0.1	100245	1300002	d58a27546172e60a	1	77e745c37b0f/kanu/OpenDrawer/left/s0/j4/n2/base
77e745c37b0f	kanu	OpenDrawer/left	0	4	3	8	0.0	0.1	100245	1300003	c8f6066f07c4ac5a	1	77e745c37b0f/kanu/OpenDrawer/left/s0/j4/n3/base
77e745c37b0f	kanu	OpenDrawer/left	0	4	4	8	0.0	0.1	100245	1300004	6ef6963e573be87c	1	77e745c37b0f/kanu/OpenDrawer/left/s0/j4/n4/base
77e745c37b0f	kanu	OpenDrawer/left	0	4	5	8	0.0	0.1	100245	1300005	c132a8c378bc7dfa	1	77e745c37b0f/kanu/OpenDrawer/left/s0/j4/n5/base
77e745c37b0f	kanu	OpenDrawer/left	0	4	6	8	0.0	0.1	100245	1300006	8c22e9e784b7e34d	1	77e745c37b0f/kanu/OpenDrawer/left/s0/j4/n6/base
77e745c37b0f	kanu	OpenDrawer/left	0	4	7	8	0.0	0.1	100245	1300007	617c52980c169025	1	77e745c37b0f/kanu/OpenDrawer/left/s0/j4/n7/base
77e745c37b0f	kanu	OpenDrawer/left	0	4	8	8	0.0	0.1	100245	1300008	592cc0fd89be6900	1	77e745c37b0f/kanu/OpenDrawer/left/s0/j4/n8/base
77e745c37b0f	kanu	OpenDrawer/left	0	4	9	8	0.0	0.1	100245	1300009	298b04c8f795a1d4	1	77e745c37b0f/kanu/OpenDrawer/left/s0/j4/n9/base
77e745c37b0f	worker1	OvenRack/out-left	1	0	0	0	0.0	0.0	100754	1300000	2343f12e55ba5836	0	77e745c37b0f/worker1/OvenRack/out-left/s1/j0/n0/base
77e745c37b0f	worker1	OvenRack/out-left	1	0	1	0	0.0	0.0	100754	1300001	7d3b5da8a66d0028	0	77e745c37b0f/worker1/OvenRack/out-left/s1/j0/n1/base
77e745c37b0f	worker1	OvenRack/out-left	1	0	2	0	0.0	0.0	100754	1300002	3256a25f02712817	0	77e745c37b0f/worker1/OvenRack/out-left/s1/j0/n2/base
77e745c37b0f	worker1	OvenRack/out-left	1	0	3	0	0.0	0.0	100754	1300003	2ea55d298aad66c3	0	77e745c37b0f/worker1/OvenRack/out-left/s1/j0/n3/base
77e745c37b0f	worker1	OvenRack/out-left	1	0	4	0	0.0	0.0	100754	1300004	db3e87ba8127b919	0	77e745c37b0f/worker1/OvenRack/out-left/s1/j0/n4/base
77e745c37b0f	worker1	OvenRack/out-left	1	0	5	0	0.0	0.0	100754	1300005	0fddbf5e3128f4ff	0	77e745c37b0f/worker1/OvenRack/out-left/s1/j0/n5/base
77e745c37b0f	worker1	OvenRack/out-left	1	0	6	0	0.0	0.0	100754	1300006	0ca718ef9ed8ba0c	1	77e745c37b0f/worker1/OvenRack/out-left/s1/j0/n6/base
77e745c37b0f	worker1	OvenRack/out-left	1	0	7	0	0.0	0.0	100754	1300007	42f8e26eac76b0ea	1	77e745c37b0f/worker1/OvenRack/out-left/s1/j0/n7/base
77e745c37b0f	worker1	OvenRack/out-left	1	0	8	0	0.0	0.0	100754	1300008	508fdd36156d6730	0	77e745c37b0f/worker1/OvenRack/out-left/s1/j0/n8/base
77e745c37b0f	worker1	OvenRack/out-left	1	0	9	0	0.0	0.0	100754	1300009	667899efa2968aaa	1	77e745c37b0f/worker1/OvenRack/out-left/s1/j0/n9/base
77e745c37b0f	worker1	OvenRack/out-left	1	1	0	0	0.0	0.05	100754	1300000	08f44518ed79ddda	1	77e745c37b0f/worker1/OvenRack/out-left/s1/j1/n0/base
77e745c37b0f	worker1	OvenRack/out-left	1	1	1	0	0.0	0.05	100754	1300001	2fd602fd9ce1aace	0	77e745c37b0f/worker1/OvenRack/out-left/s1/j1/n1/base
77e745c37b0f	worker1	OvenRack/out-left	1	1	2	0	0.0	0.05	100754	1300002	8d981b41f2141d81	1	77e745c37b0f/worker1/OvenRack/out-left/s1/j1/n2/base
77e745c37b0f	worker1	OvenRack/out-left	1	1	3	0	0.0	0.05	100754	1300003	7c18da22fdfb8892	1	77e745c37b0f/worker1/OvenRack/out-left/s1/j1/n3/base
77e745c37b0f	worker1	OvenRack/out-left	1	1	4	0	0.0	0.05	100754	1300004	2bccc3014e44d9a7	1	77e745c37b0f/worker1/OvenRack/out-left/s1/j1/n4/base
77e745c37b0f	worker1	OvenRack/out-left	1	1	5	0	0.0	0.05	100754	1300005	8fd3a1bacc851e39	0	77e745c37b0f/worker1/OvenRack/out-left/s1/j1/n5/base
77e745c37b0f	worker1	OvenRack/out-left	1	1	6	0	0.0	0.05	100754	1300006	808e4cd1da11663d	0	77e745c37b0f/worker1/OvenRack/out-left/s1/j1/n6/base
77e745c37b0f	worker1	OvenRack/out-left	1	1	7	0	0.0	0.05	100754	1300007	f8c8d5f8ce989626	1	77e745c37b0f/worker1/OvenRack/out-left/s1/j1/n7/base
77e745c37b0f	worker1	OvenRack/out-left	1	1	8	0	0.0	0.05	100754	1300008	1ab6263fa8527bc8	1	77e745c37b0f/worker1/OvenRack/out-left/s1/j1/n8/base
77e745c37b0f	worker1	OvenRack/out-left	1	1	9	0	0.0	0.05	100754	1300009	15a4e3b5c501145a	0	77e745c37b0f/worker1/OvenRack/out-left/s1/j1/n9/base
77e745c37b0f	worker1	OvenRack/out-left	1	2	0	0	0.0	0.1	100754	1300000	6b74ad40f015aa69	0	77e745c37b0f/worker1/OvenRack/out-left/s1/j2/n0/base
77e745c37b0f	worker1	OvenRack/out-left	1	2	1	0	0.0	0.1	100754	1300001	364b47e4184905ac	0	77e745c37b0f/worker1/OvenRack/out-left/s1/j2/n1/base
77e745c37b0f	worker1	OvenRack/out-left	1	2	2	0	0.0	0.1	100754	1300002	9e9305d54fb19a9a	1	77e745c37b0f/worker1/OvenRack/out-left/s1/j2/n2/base
77e745c37b0f	worker1	OvenRack/out-left	1	2	3	0	0.0	0.1	100754	1300003	afe48396eeed6bfc	1	77e745c37b0f/worker1/OvenRack/out-left/s1/j2/n3/base
77e745c37b0f	worker1	OvenRack/out-left	1	2	4	0	0.0	0.1	100754	1300004	5f069b9cb503c79a	0	77e745c37b0f/worker1/OvenRack/out-left/s1/j2/n4/base
77e745c37b0f	worker1	OvenRack/out-left	1	2	5	0	0.0	0.1	100754	1300005	c0ad885bd852916d	1	77e745c37b0f/worker1/OvenRack/out-left/s1/j2/n5/base
77e745c37b0f	worker1	OvenRack/out-left	1	2	6	0	0.0	0.1	100754	1300006	adde33c7eac58011	1	77e745c37b0f/worker1/OvenRack/out-left/s1/j2/n6/base
77e745c37b0f	worker1	OvenRack/out-left	1	2	7	0	0.0	0.1	100754	1300007	92b274e8e4c1aef3	0	77e745c37b0f/worker1/OvenRack/out-left/s1/j2/n7/base
77e745c37b0f	worker1	OvenRack/out-left	1	2	8	0	0.0	0.1	100754	1300008	f2a034a6a77e0905	0	77e745c37b0f/worker1/OvenRack/out-left/s1/j2/n8/base
77e745c37b0f	worker1	OvenRack/out-left	1	2	9	0	0.0	0.1	100754	1300009	decbbd43bd1ab5c7	0	77e745c37b0f/worker1/OvenRack/out-left/s1/j2/n9/base
77e745c37b0f	worker1	OvenRack/out-left	1	3	0	0	0.05	0.1	100754	1300000	1f97a5f9170fb73f	1	77e745c37b0f/worker1/OvenRack/out-left/s1/j3/n0/base
77e745c37b0f	worker1	OvenRack/out-left	1	3	1	0	0.05	0.1	100754	1300001	1f7d8986d5616e79	1	77e745c37b0f/worker1/OvenRack/out-left/s1/j3/n1/base
77e745c37b0f	worker1	OvenRack/out-left	1	3	2	0	0.05	0.1	100754	1300002	cb630fc4c2480b3f	1	77e745c37b0f/worker1/OvenRack/out-left/s1/j3/n2/base
77e745c37b0f	worker1	OvenRack/out-left	1	3	3	0	0.05	0.1	100754	1300003	6ebcddee6ee43d44	1	77e745c37b0f/worker1/OvenRack/out-left/s1/j3/n3/base
77e745c37b0f	worker1	OvenRack/out-left	1	3	4	0	0.05	0.1	100754	1300004	43c86d9a16c8f0b3	1	77e745c37b0f/worker1/OvenRack/out-left/s1/j3/n4/base
77e745c37b0f	worker1	OvenRack/out-left	1	3	5	0	0.05	0.1	100754	1300005	d67a3c18ef5b8d1e	1	77e745c37b0f/worker1/OvenRack/out-left/s1/j3/n5/base
77e745c37b0f	worker1	OvenRack/out-left	1	3	6	0	0.05	0.1	100754	1300006	d1ccced47fd863ce	1	77e745c37b0f/worker1/OvenRack/out-left/s1/j3/n6/base
77e745c37b0f	worker1	OvenRack/out-left	1	3	7	0	0.05	0.1	100754	1300007	fb06db7611e739a8	1	77e745c37b0f/worker1/OvenRack/out-left/s1/j3/n7/base
77e745c37b0f	worker1	OvenRack/out-left	1	3	8	0	0.05	0.1	100754	1300008	93957cc69aedd3e0	1	77e745c37b0f/worker1/OvenRack/out-left/s1/j3/n8/base
77e745c37b0f	worker1	OvenRack/out-left	1	3	9	0	0.05	0.1	100754	1300009	946346cc0f576a71	1	77e745c37b0f/worker1/OvenRack/out-left/s1/j3/n9/base
77e745c37b0f	worker1	OvenRack/out-left	1	4	0	0	0.05	0.15	100754	1300000	ce29f41a8e2add58	0	77e745c37b0f/worker1/OvenRack/out-left/s1/j4/n0/base
77e745c37b0f	worker1	OvenRack/out-left	1	4	1	0	0.05	0.15	100754	1300001	f76c1d1e88b0fbb9	0	77e745c37b0f/worker1/OvenRack/out-left/s1/j4/n1/base
77e745c37b0f	worker1	OvenRack/out-left	1	4	2	0	0.05	0.15	100754	1300002	d3e5af4fe6bbb7c3	0	77e745c37b0f/worker1/OvenRack/out-left/s1/j4/n2/base
77e745c37b0f	worker1	OvenRack/out-left	1	4	3	0	0.05	0.15	100754	1300003	9881532caa0f0264	1	77e745c37b0f/worker1/OvenRack/out-left/s1/j4/n3/base
77e745c37b0f	worker1	OvenRack/out-left	1	4	4	0	0.05	0.15	100754	1300004	893d1a975785a83f	1	77e745c37b0f/worker1/OvenRack/out-left/s1/j4/n4/base
77e745c37b0f	worker1	OvenRack/out-left	1	4	5	0	0.05	0.15	100754	1300005	0d962261676b405b	0	77e745c37b0f/worker1/OvenRack/out-left/s1/j4/n5/base
77e745c37b0f	worker1	OvenRack/out-left	1	4	6	0	0.05	0.15	100754	1300006	dc96e7abbe446794	0	77e745c37b0f/worker1/OvenRack/out-left/s1/j4/n6/base
77e745c37b0f	worker1	OvenRack/out-left	1	4	7	0	0.05	0.15	100754	1300007	bced30185b5c71e0	0	77e745c37b0f/worker1/OvenRack/out-left/s1/j4/n7/base
77e745c37b0f	worker1	OvenRack/out-left	1	4	8	0	0.05	0.15	100754	1300008	962f7fc7911de610	0	77e745c37b0f/worker1/OvenRack/out-left/s1/j4/n8/base
77e745c37b0f	worker1	OvenRack/out-left	1	4	9	0	0.05	0.15	100754	1300009	de35e286218aead5	0	77e745c37b0f/worker1/OvenRack/out-left/s1/j4/n9/base
