rel_path	frames	fps	first_freeze_s	frozen_frac	noisy_frac	lap_med	lap_max	flag
kanu/CoffeeSetupMug/s0/j1/n3/base	360	20.0		0.0	0.0	836.0	1140.0	OK
kanu/CoffeeSetupMug/s0/j1/n4/base	360	20.0		0.0	0.0	796.0	1132.0	OK
kanu/CoffeeSetupMug/s0/j2/n0/base	360	20.0	4.75	0.733	0.0	950.0	1055.0	FREEZE
kanu/CoffeeSetupMug/s0/j2/n1/base	360	20.0	4.75	0.641	0.017	970.0	5436.0	FREEZE+NOISE
kanu/CoffeeSetupMug/s0/j0/n0/base	308	20.0		0.0	0.0	813.0	1051.0	OK
kanu/CoffeeSetupMug/s0/j0/n1/base	360	20.0		0.0	0.0	804.0	1071.0	OK
kanu/CoffeeSetupMug/s0/j0/n2/base	360	20.0		0.0	0.0	827.0	1082.0	OK
kanu/CoffeeSetupMug/s0/j0/n3/base	360	20.0		0.0	0.0	854.0	1086.0	OK
kanu/CoffeeSetupMug/s0/j4/n0/base	360	20.0		0.0	0.0	888.0	1007.0	OK
kanu/CoffeeSetupMug/s0/j4/n1/base	360	20.0		0.0	0.0	840.0	1042.0	OK
kanu/CoffeeSetupMug/s0/j4/n2/base	360	20.0		0.0	0.0	898.0	1067.0	OK
kanu/CoffeeSetupMug/s0/j4/n3/base	360	20.0		0.0	0.0	912.0	1037.0	OK
kanu/CoffeeSetupMug/s0/j2/n2/base	360	20.0	4.8	0.694	0.0	1004.0	1032.0	FREEZE
kanu/CoffeeSetupMug/s0/j2/n3/base	360	20.0	5.0	0.724	0.0	993.0	1014.0	FREEZE
kanu/CoffeeSetupMug/s0/j2/n4/base	360	20.0	4.8	0.73	0.0	834.0	993.0	FREEZE
kanu/CoffeeSetupMug/s0/j3/n0/base	360	20.0		0.0	0.0	822.0	995.0	OK
kanu/CoffeeSetupMug/s0/j3/n1/base	360	20.0		0.0	0.0	801.0	1033.0	OK
kanu/CoffeeSetupMug/s0/j3/n2/base	360	20.0		0.0	0.0	784.0	1059.0	OK
kanu/CoffeeSetupMug/s0/j3/n3/base	360	20.0		0.0	0.0	727.0	1057.0	OK
kanu/CoffeeSetupMug/s0/j3/n4/base	360	20.0		0.0	0.0	731.0	1046.0	OK
kanu/CoffeeSetupMug/s0/j0/n4/base	360	20.0		0.0	0.0	860.0	1085.0	OK
kanu/CoffeeSetupMug/s0/j1/n0/base	360	20.0		0.0	0.0	858.0	1085.0	OK
kanu/CoffeeSetupMug/s0/j1/n1/base	360	20.0		0.0	0.0	922.0	1081.0	OK
kanu/CoffeeSetupMug/s0/j1/n2/base	360	20.0		0.0	0.0	808.0	1126.0	OK
kanu/CoffeeSetupMug/s1/j0/n3/base	360	20.0		0.0	0.0	1080.0	1240.0	OK
kanu/CoffeeSetupMug/s1/j0/n4/base	360	20.0		0.0	0.0	1026.0	1232.0	OK
kanu/CoffeeSetupMug/s1/j1/n0/base	360	20.0		0.0	0.0	1028.0	1309.0	OK
kanu/CoffeeSetupMug/s1/j1/n1/base	360	20.0		0.0	0.0	1021.0	1317.0	OK
kanu/CoffeeSetupMug/s1/j1/n2/base	360	20.0		0.0	0.0	1157.0	1333.0	OK
kanu/CoffeeSetupMug/s1/j1/n3/base	360	20.0		0.0	0.0	1092.0	1305.0	OK
kanu/CoffeeSetupMug/s1/j1/n4/base	360	20.0		0.0	0.0	1092.0	1321.0	OK
kanu/CoffeeSetupMug/s1/j2/n0/base	360	20.0		0.0	0.0	1086.0	1250.0	OK
kanu/CoffeeSetupMug/s0/j4/n4/base	360	20.0		0.0	0.0	886.0	1042.0	OK
kanu/CoffeeSetupMug/s1/j0/n0/base	360	20.0		0.0	0.0	1035.0	1303.0	OK
kanu/CoffeeSetupMug/s1/j0/n1/base	360	20.0		0.0	0.0	973.0	1306.0	OK
kanu/CoffeeSetupMug/s1/j0/n2/base	360	20.0		0.0	0.0	1097.0	1269.0	OK
kanu/CoffeeSetupMug/s1/j4/n3/base	360	20.0		0.003	0.0	1025.0	1290.0	OK
kanu/CoffeeSetupMug/s1/j4/n4/base	360	20.0		0.0	0.0	1039.0	1287.0	OK
kanu/CoffeeSetupMug/s2/j0/n0/base	360	20.0		0.0	0.0	801.0	978.0	OK
kanu/CoffeeSetupMug/s2/j0/n1/base	360	20.0		0.0	0.0	809.0	974.0	OK
kanu/CoffeeSetupMug/s1/j3/n0/base	360	20.0		0.0	0.0	1062.0	1317.0	OK
kanu/CoffeeSetupMug/s1/j3/n1/base	360	20.0		0.0	0.0	1052.0	1317.0	OK
kanu/CoffeeSetupMug/s1/j3/n2/base	360	20.0		0.0	0.0	1110.0	1310.0	OK
kanu/CoffeeSetupMug/s1/j3/n3/base	360	20.0		0.0	0.0	1067.0	1316.0	OK
kanu/CoffeeSetupMug/s1/j3/n4/base	360	20.0		0.0	0.0	1084.0	1317.0	OK
kanu/CoffeeSetupMug/s1/j4/n0/base	360	20.0		0.0	0.0	1061.0	1513.0	OK
kanu/CoffeeSetupMug/s1/j4/n1/base	360	20.0		0.0	0.0	1103.0	1285.0	OK
kanu/CoffeeSetupMug/s1/j4/n2/base	360	20.0		0.0	0.0	1134.0	1281.0	OK
kanu/CoffeeSetupMug/s1/j2/n1/base	360	20.0		0.0	0.0	1057.0	1257.0	OK
kanu/CoffeeSetupMug/s1/j2/n2/base	360	20.0		0.0	0.0	1104.0	1261.0	OK
kanu/CoffeeSetupMug/s1/j2/n3/base	360	20.0		0.0	0.0	1106.0	1258.0	OK
kanu/CoffeeSetupMug/s1/j2/n4/base	360	20.0		0.0	0.0	1100.0	1258.0	OK
kanu/CoffeeSetupMug/s2/j2/n0/base	360	20.0		0.0	0.0	773.0	978.0	OK
kanu/CoffeeSetupMug/s2/j2/n1/base	360	20.0		0.0	0.0	762.0	968.0	OK
kanu/CoffeeSetupMug/s2/j2/n2/base	360	20.0		0.0	0.0	724.0	940.0	OK
kanu/CoffeeSetupMug/s2/j2/n3/base	360	20.0		0.0	0.0	714.0	930.0	OK
kanu/CoffeeSetupMug/s2/j0/n2/base	360	20.0		0.0	0.0	816.0	947.0	OK
kanu/CoffeeSetupMug/s2/j0/n3/base	360	20.0		0.0	0.0	803.0	957.0	OK
kanu/CoffeeSetupMug/s2/j0/n4/base	360	20.0		0.0	0.0	817.0	942.0	OK
kanu/CoffeeSetupMug/s2/j1/n0/base	360	20.0		0.0	0.0	807.0	944.0	OK
kanu/CoffeeSetupMug/s2/j1/n1/base	360	20.0		0.0	0.0	779.0	938.0	OK
kanu/CoffeeSetupMug/s2/j1/n2/base	360	20.0		0.0	0.0	784.0	928.0	OK
kanu/CoffeeSetupMug/s2/j1/n3/base	360	20.0		0.0	0.0	820.0	936.0	OK
kanu/CoffeeSetupMug/s2/j1/n4/base	360	20.0		0.0	0.0	823.0	949.0	OK
kanu/CoffeeSetupMug/s2/j3/n3/base	360	20.0		0.0	0.0	851.0	983.0	OK
kanu/CoffeeSetupMug/s2/j3/n4/base	360	20.0		0.0	0.0	858.0	972.0	OK
kanu/CoffeeSetupMug/s2/j4/n0/base	360	20.0		0.0	0.0	768.0	997.0	OK
kanu/CoffeeSetupMug/s2/j4/n1/base	360	20.0		0.0	0.0	780.0	985.0	OK
kanu/CoffeeSetupMug/s2/j2/n4/base	360	20.0		0.0	0.0	723.0	924.0	OK
kanu/CoffeeSetupMug/s2/j3/n0/base	360	20.0		0.0	0.0	777.0	997.0	OK
kanu/CoffeeSetupMug/s2/j3/n1/base	360	20.0		0.0	0.0	848.0	982.0	OK
kanu/CoffeeSetupMug/s2/j3/n2/base	360	20.0		0.0	0.0	855.0	991.0	OK
kanu/CoffeeSetupMug/s2/j4/n2/base	360	20.0		0.0	0.0	867.0	1033.0	OK
kanu/CoffeeSetupMug/s2/j4/n3/base	360	20.0		0.0	0.0	802.0	962.0	OK
kanu/CoffeeSetupMug/s2/j4/n4/base	360	20.0		0.0	0.0	785.0	961.0	OK
kanu/OpenDrawer/left/s0/j0/n0/base	360	20.0		0.0	0.0	553.0	888.0	OK
kanu/OpenDrawer/left/s0/j1/n0/base	360	20.0		0.0	0.0	548.0	832.0	OK
kanu/OpenDrawer/left/s0/j1/n1/base	98	20.0		0.0	0.0	528.0	834.0	OK
kanu/OpenDrawer/left/s0/j1/n2/base	95	20.0		0.0	0.0	523.0	842.0	OK
kanu/OpenDrawer/left/s0/j1/n3/base	93	20.0		0.0	0.0	525.0	829.0	OK
kanu/OpenDrawer/left/s0/j2/n3/base	93	20.0		0.0	0.0	556.0	855.0	OK
kanu/OpenDrawer/left/s0/j2/n4/base	360	20.0		0.0	0.0	573.0	848.0	OK
kanu/OpenDrawer/left/s0/j3/n0/base	360	20.0		0.0	0.0	559.0	819.0	OK
kanu/OpenDrawer/left/s0/j3/n1/base	360	20.0		0.0	0.0	583.0	802.0	OK
kanu/OpenDrawer/left/s0/j1/n4/base	90	20.0		0.0	0.0	529.0	852.0	OK
kanu/OpenDrawer/left/s0/j2/n0/base	100	20.0		0.0	0.0	553.0	832.0	OK
kanu/OpenDrawer/left/s0/j2/n1/base	105	20.0		0.0	0.0	559.0	847.0	OK
kanu/OpenDrawer/left/s0/j2/n2/base	103	20.0		0.0	0.0	550.0	828.0	OK
kanu/OpenDrawer/left/s0/j0/n1/base	360	20.0		0.0	0.0	716.0	931.0	OK
kanu/OpenDrawer/left/s0/j0/n2/base	93	20.0		0.0	0.0	538.0	889.0	OK
kanu/OpenDrawer/left/s0/j0/n3/base	360	20.0		0.0	0.0	562.0	904.0	OK
kanu/OpenDrawer/left/s0/j0/n4/base	360	20.0		0.0	0.0	546.0	886.0	OK
kanu/OpenDrawer/left/s0/j4/n1/base	95	20.0		0.0	0.0	534.0	825.0	OK
kanu/OpenDrawer/left/s0/j4/n2/base	100	20.0		0.0	0.0	537.0	818.0	OK
kanu/OpenDrawer/left/s0/j4/n3/base	95	20.0		0.0	0.0	544.0	831.0	OK
kanu/OpenDrawer/left/s0/j4/n4/base	95	20.0		0.0	0.0	539.0	824.0	OK
kanu/OpenDrawer/left/s1/j0/n0/base	113	20.0		0.0	0.0	1096.0	1866.0	OK
kanu/OpenDrawer/left/s1/j0/n1/base	113	20.0		0.0	0.0	1099.0	1842.0	OK
kanu/OpenDrawer/left/s1/j0/n2/base	113	20.0		0.0	0.0	1105.0	1838.0	OK
kanu/OpenDrawer/left/s1/j0/n3/base	123	20.0		0.0	0.0	1112.0	1831.0	OK
kanu/OpenDrawer/left/s1/j0/n4/base	118	20.0		0.0	0.0	1098.0	1810.0	OK
kanu/OpenDrawer/left/s1/j1/n0/base	360	20.0		0.0	0.0	1130.0	1995.0	OK
kanu/OpenDrawer/left/s1/j1/n1/base	360	20.0		0.0	0.0	1099.0	1963.0	OK
kanu/OpenDrawer/left/s1/j1/n2/base	360	20.0		0.0	0.0	1114.0	1978.0	OK
kanu/OpenDrawer/left/s1/j1/n3/base	360	20.0		0.0	0.0	1122.0	1940.0	OK
kanu/OpenDrawer/left/s1/j1/n4/base	360	20.0		0.0	0.0	1146.0	1962.0	OK
kanu/OpenDrawer/left/s1/j2/n0/base	360	20.0		0.0	0.0	1174.0	2095.0	OK
kanu/OpenDrawer/left/s1/j2/n1/base	360	20.0		0.0	0.0	1172.0	2090.0	OK
kanu/OpenDrawer/left/s0/j3/n2/base	93	20.0		0.0	0.0	535.0	814.0	OK
kanu/OpenDrawer/left/s0/j3/n3/base	360	20.0		0.0	0.0	556.0	822.0	OK
kanu/OpenDrawer/left/s0/j3/n4/base	360	20.0		0.0	0.0	550.0	826.0	OK
kanu/OpenDrawer/left/s0/j4/n0/base	98	20.0		0.0	0.0	533.0	819.0	OK
kanu/OpenDrawer/left/s2/j0/n3/base	90	20.0		0.0	0.0	570.0	937.0	OK
kanu/OpenDrawer/left/s2/j0/n4/base	85	20.0		0.0	0.0	565.0	920.0	OK
kanu/OpenDrawer/left/s2/j1/n0/base	360	20.0		0.0	0.0	625.0	932.0	OK
kanu/OpenDrawer/left/s2/j1/n1/base	100	20.0		0.0	0.0	586.0	953.0	OK
kanu/OpenDrawer/left/s1/j4/n4/base	360	20.0		0.0	0.0	1228.0	1994.0	OK
kanu/OpenDrawer/left/s2/j0/n0/base	103	20.0		0.0	0.0	566.0	922.0	OK
kanu/OpenDrawer/left/s2/j0/n1/base	93	20.0		0.0	0.0	566.0	944.0	OK
kanu/OpenDrawer/left/s2/j0/n2/base	88	20.0		0.0	0.0	564.0	932.0	OK
kanu/OpenDrawer/left/s1/j3/n1/base	360	20.0		0.0	0.0	1094.0	1982.0	OK
kanu/OpenDrawer/left/s1/j3/n2/base	360	20.0		0.0	0.0	1092.0	1964.0	OK
kanu/OpenDrawer/left/s1/j3/n3/base	360	20.0		0.0	0.0	1097.0	1955.0	OK
kanu/OpenDrawer/left/s1/j3/n4/base	360	20.0		0.0	0.0	1108.0	1985.0	OK
kanu/OpenDrawer/left/s1/j2/n2/base	360	20.0		0.0	0.0	1167.0	2082.0	OK
kanu/OpenDrawer/left/s1/j2/n3/base	360	20.0		0.0	0.0	1195.0	2093.0	OK
kanu/OpenDrawer/left/s1/j2/n4/base	360	20.0		0.0	0.0	1144.0	2151.0	OK
kanu/OpenDrawer/left/s1/j3/n0/base	360	20.0		0.0	0.0	1124.0	1983.0	OK
kanu/OpenDrawer/left/s1/j4/n0/base	360	20.0		0.0	0.0	1183.0	2034.0	OK
kanu/OpenDrawer/left/s1/j4/n1/base	360	20.0		0.0	0.0	1170.0	2034.0	OK
kanu/OpenDrawer/left/s1/j4/n2/base	360	20.0		0.0	0.0	1169.0	2037.0	OK
kanu/OpenDrawer/left/s1/j4/n3/base	360	20.0		0.0	0.0	1136.0	2005.0	OK
kanu/OpenDrawer/left/s2/j2/n1/base	85	20.0		0.0	0.0	616.0	950.0	OK
kanu/OpenDrawer/left/s2/j2/n2/base	103	20.0		0.0	0.0	614.0	958.0	OK
kanu/OpenDrawer/left/s2/j2/n3/base	93	20.0		0.0	0.0	615.0	966.0	OK
kanu/OpenDrawer/left/s2/j2/n4/base	90	20.0		0.0	0.0	606.0	948.0	OK
kanu/OpenDrawer/left/s2/j1/n2/base	360	20.0		0.0	0.0	646.0	944.0	OK
kanu/OpenDrawer/left/s2/j1/n3/base	360	20.0		0.0	0.0	621.0	936.0	OK
kanu/OpenDrawer/left/s2/j1/n4/base	95	20.0		0.0	0.0	587.0	912.0	OK
kanu/OpenDrawer/left/s2/j2/n0/base	98	20.0		0.0	0.0	613.0	947.0	OK
kanu/OpenDrawer/left/s2/j3/n4/base	93	20.0		0.0	0.0	579.0	972.0	OK
kanu/OpenDrawer/left/s2/j4/n0/base	93	20.0		0.0	0.0	594.0	950.0	OK
kanu/OpenDrawer/left/s2/j4/n1/base	93	20.0		0.0	0.0	590.0	938.0	OK
kanu/OpenDrawer/left/s2/j4/n2/base	88	20.0		0.0	0.0	588.0	945.0	OK
kanu/OpenDrawer/right/s0/j0/n2/base	123	20.0		0.0	0.0	727.0	1006.0	OK
kanu/OpenDrawer/right/s0/j0/n3/base	208	20.0		0.0	0.0	630.0	1010.0	OK
kanu/OpenDrawer/right/s0/j0/n4/base	198	20.0		0.0	0.0	621.0	1010.0	OK
kanu/OpenDrawer/right/s0/j1/n0/base	120	20.0		0.0	0.0	751.0	950.0	OK
kanu/OpenDrawer/left/s2/j3/n0/base	103	20.0		0.0	0.0	580.0	966.0	OK
kanu/OpenDrawer/left/s2/j3/n1/base	98	20.0		0.0	0.0	579.0	958.0	OK
kanu/OpenDrawer/left/s2/j3/n2/base	93	20.0		0.0	0.0	579.0	952.0	OK
kanu/OpenDrawer/left/s2/j3/n3/base	95	20.0		0.0	0.0	584.0	951.0	OK
kanu/OpenDrawer/left/s2/j4/n3/base	93	20.0		0.0	0.0	592.0	934.0	OK
kanu/OpenDrawer/left/s2/j4/n4/base	90	20.0		0.0	0.0	588.0	927.0	OK
kanu/OpenDrawer/right/s0/j0/n0/base	145	20.0		0.0	0.0	713.0	1008.0	OK
kanu/OpenDrawer/right/s0/j0/n1/base	125	20.0		0.0	0.0	734.0	1006.0	OK
kanu/OpenDrawer/right/s0/j1/n1/base	118	20.0		0.0	0.0	756.0	946.0	OK
kanu/OpenDrawer/right/s0/j1/n2/base	135	20.0		0.0	0.0	722.0	945.0	OK
kanu/OpenDrawer/right/s0/j1/n3/base	125	20.0		0.0	0.0	732.0	954.0	OK
kanu/OpenDrawer/right/s0/j1/n4/base	133	20.0		0.0	0.0	731.0	964.0	OK
kanu/OpenDrawer/right/s0/j3/n3/base	110	20.0		0.0	0.0	874.0	1010.0	OK
kanu/OpenDrawer/right/s0/j3/n4/base	360	20.0		0.0	0.0	646.0	1015.0	OK
kanu/OpenDrawer/right/s0/j4/n0/base	153	20.0		0.0	0.0	726.0	924.0	OK
kanu/OpenDrawer/right/s0/j4/n1/base	143	20.0		0.0	0.0	728.0	922.0	OK
kanu/OpenDrawer/right/s0/j2/n4/base	98	20.0		0.0	0.0	760.0	933.0	OK
kanu/OpenDrawer/right/s0/j3/n0/base	360	20.0		0.0	0.0	655.0	1010.0	OK
kanu/OpenDrawer/right/s0/j3/n1/base	308	20.0		0.0	0.0	648.0	1026.0	OK
kanu/OpenDrawer/right/s0/j3/n2/base	128	20.0		0.0	0.0	820.0	1018.0	OK
kanu/OpenDrawer/right/s0/j2/n0/base	110	20.0		0.0	0.0	731.0	941.0	OK
kanu/OpenDrawer/right/s0/j2/n1/base	105	20.0		0.0	0.0	739.0	938.0	OK
kanu/OpenDrawer/right/s0/j2/n2/base	103	20.0		0.0	0.0	738.0	945.0	OK
kanu/OpenDrawer/right/s0/j2/n3/base	100	20.0		0.0	0.0	737.0	940.0	OK
kanu/OpenDrawer/right/s0/j4/n2/base	143	20.0		0.0	0.0	721.0	928.0	OK
kanu/OpenDrawer/right/s0/j4/n3/base	135	20.0		0.0	0.0	717.0	917.0	OK
kanu/OpenDrawer/right/s0/j4/n4/base	133	20.0		0.0	0.0	720.0	932.0	OK
kanu/OpenDrawer/right/s1/j0/n0/base	360	20.0		0.0	0.0	886.0	1704.0	OK
kanu/OpenDrawer/right/s1/j0/n1/base	203	20.0		0.0	0.0	888.0	1626.0	OK
kanu/OpenDrawer/right/s1/j0/n2/base	128	20.0		0.0	0.0	1014.0	1640.0	OK
kanu/OpenDrawer/right/s1/j0/n3/base	108	20.0		0.0	0.0	1024.0	1615.0	OK
kanu/OpenDrawer/right/s1/j0/n4/base	108	20.0		0.0	0.0	1014.0	1612.0	OK
kanu/OpenDrawer/right/s1/j2/n3/base	360	20.0		0.0	0.0	1013.0	1805.0	OK
kanu/OpenDrawer/right/s1/j2/n4/base	360	20.0		0.0	0.0	987.0	1812.0	OK
kanu/OpenDrawer/right/s1/j3/n0/base	360	20.0		0.0	0.0	939.0	1736.0	OK
kanu/OpenDrawer/right/s1/j3/n1/base	360	20.0		0.0	0.0	917.0	1675.0	OK
kanu/OpenDrawer/right/s1/j1/n0/base	360	20.0		0.0	0.0	911.0	1712.0	OK
kanu/OpenDrawer/right/s1/j1/n1/base	360	20.0		0.0	0.0	906.0	1683.0	OK
kanu/OpenDrawer/right/s1/j1/n2/base	360	20.0		0.0	0.0	953.0	1667.0	OK
kanu/OpenDrawer/right/s1/j1/n3/base	360	20.0		0.0	0.0	1087.0	1658.0	OK
kanu/OpenDrawer/right/s1/j1/n4/base	360	20.0		0.0	0.0	986.0	1655.0	OK
kanu/OpenDrawer/right/s1/j2/n0/base	360	20.0		0.0	0.0	989.0	1811.0	OK
kanu/OpenDrawer/right/s1/j2/n1/base	360	20.0		0.0	0.0	998.0	1816.0	OK
kanu/OpenDrawer/right/s1/j2/n2/base	360	20.0		0.0	0.0	1007.0	1813.0	OK
kanu/OpenDrawer/right/s2/j0/n0/base	110	20.0		0.0	0.0	516.0	866.0	OK
kanu/OpenDrawer/right/s2/j0/n1/base	108	20.0		0.0	0.0	510.0	831.0	OK
kanu/OpenDrawer/right/s2/j0/n2/base	105	20.0		0.0	0.0	511.0	842.0	OK
kanu/OpenDrawer/right/s2/j0/n3/base	105	20.0		0.0	0.0	510.0	867.0	OK
kanu/OpenDrawer/right/s1/j4/n1/base	360	20.0		0.0	0.0	996.0	1821.0	OK
kanu/OpenDrawer/right/s1/j4/n2/base	133	20.0		0.0	0.0	1075.0	1822.0	OK
kanu/OpenDrawer/right/s1/j4/n3/base	360	20.0		0.0	0.0	1002.0	1820.0	OK
kanu/OpenDrawer/right/s1/j4/n4/base	108	20.0		0.0	0.0	1110.0	1822.0	OK
kanu/OpenDrawer/right/s2/j1/n3/base	120	20.0		0.0	0.0	518.0	811.0	OK
kanu/OpenDrawer/right/s2/j1/n4/base	128	20.0		0.0	0.0	496.0	779.0	OK
kanu/OpenDrawer/right/s2/j2/n0/base	143	20.0		0.0	0.0	512.0	773.0	OK
kanu/OpenDrawer/right/s2/j2/n1/base	140	20.0		0.0	0.0	518.0	785.0	OK
kanu/OpenDrawer/right/s1/j3/n2/base	360	20.0		0.0	0.0	946.0	1688.0	OK
kanu/OpenDrawer/right/s1/j3/n3/base	360	20.0		0.0	0.0	925.0	1689.0	OK
kanu/OpenDrawer/right/s1/j3/n4/base	360	20.0		0.003	0.0	954.0	1693.0	OK
kanu/OpenDrawer/right/s1/j4/n0/base	360	20.0		0.0	0.0	994.0	1823.0	OK
kanu/OpenDrawer/right/s2/j2/n2/base	138	20.0		0.0	0.0	515.0	769.0	OK
kanu/OpenDrawer/right/s2/j2/n3/base	133	20.0		0.0	0.0	508.0	754.0	OK
kanu/OpenDrawer/right/s2/j2/n4/base	133	20.0		0.0	0.0	528.0	759.0	OK
kanu/OpenDrawer/right/s2/j3/n0/base	143	20.0		0.0	0.0	516.0	795.0	OK
kanu/OpenDrawer/right/s2/j4/n0/base	140	20.0		0.0	0.0	519.0	803.0	OK
kanu/OpenDrawer/right/s2/j4/n1/base	130	20.0		0.0	0.0	525.0	796.0	OK
kanu/OpenDrawer/right/s2/j4/n2/base	128	20.0		0.0	0.0	524.0	790.0	OK
kanu/OpenDrawer/right/s2/j4/n3/base	123	20.0		0.0	0.0	527.0	805.0	OK
kanu/OpenDrawer/right/s2/j0/n4/base	360	20.0		0.0	0.0	480.0	831.0	OK
kanu/OpenDrawer/right/s2/j1/n0/base	138	20.0		0.0	0.0	510.0	822.0	OK
kanu/OpenDrawer/right/s2/j1/n1/base	135	20.0		0.0	0.0	508.0	808.0	OK
kanu/OpenDrawer/right/s2/j1/n2/base	110	20.0		0.0	0.0	526.0	848.0	OK
kanu/OpenDrawer/right/s2/j3/n1/base	173	20.0		0.0	0.0	471.0	772.0	OK
kanu/OpenDrawer/right/s2/j3/n2/base	135	20.0		0.0	0.0	520.0	775.0	OK
kanu/OpenDrawer/right/s2/j3/n3/base	133	20.0		0.0	0.0	517.0	765.0	OK
kanu/OpenDrawer/right/s2/j3/n4/base	160	20.0		0.0	0.0	489.0	753.0	OK
worker1/DishwasherRack/out-right/s0/j2/n1/base	360	20.0		0.0	0.0	910.0	1581.0	OK
worker1/DishwasherRack/out-right/s0/j2/n2/base	360	20.0		0.0	0.0	1050.0	1391.0	OK
worker1/DishwasherRack/out-right/s0/j2/n3/base	360	20.0		0.0	0.0	728.0	1459.0	OK
worker1/DishwasherRack/out-right/s0/j2/n4/base	360	20.0		0.0	0.0	958.0	1456.0	OK
kanu/OpenDrawer/right/s2/j4/n4/base	128	20.0		0.0	0.0	521.0	789.0	OK
worker1/DishwasherRack/out-right/s0/j0/n0/base	360	20.0		0.0	0.0	1015.0	1417.0	OK
worker1/DishwasherRack/out-right/s0/j0/n1/base	360	20.0		0.0	0.0	964.0	1450.0	OK
worker1/DishwasherRack/out-right/s0/j0/n2/base	360	20.0		0.0	0.0	954.0	1648.0	OK
worker1/DishwasherRack/out-right/s0/j3/n0/base	360	20.0		0.0	0.0	780.0	1602.0	OK
worker1/DishwasherRack/out-right/s0/j3/n1/base	360	20.0		0.0	0.0	1076.0	1315.0	OK
worker1/DishwasherRack/out-right/s0/j3/n2/base	360	20.0		0.0	0.0	966.0	1503.0	OK
worker1/DishwasherRack/out-right/s0/j3/n3/base	360	20.0		0.0	0.0	937.0	1367.0	OK
worker1/DishwasherRack/out-right/s0/j1/n2/base	360	20.0		0.0	0.0	1040.0	1417.0	OK
worker1/DishwasherRack/out-right/s0/j1/n3/base	360	20.0		0.0	0.0	975.0	1481.0	OK
worker1/DishwasherRack/out-right/s0/j1/n4/base	360	20.0		0.0	0.0	920.0	1357.0	OK
worker1/DishwasherRack/out-right/s0/j2/n0/base	360	20.0		0.0	0.0	1003.0	1498.0	OK
worker1/DishwasherRack/out-right/s0/j0/n3/base	360	20.0		0.0	0.0	983.0	1345.0	OK
worker1/DishwasherRack/out-right/s0/j0/n4/base	360	20.0		0.003	0.0	1093.0	1466.0	OK
worker1/DishwasherRack/out-right/s0/j1/n0/base	360	20.0		0.0	0.0	1074.0	1553.0	OK
worker1/DishwasherRack/out-right/s0/j1/n1/base	360	20.0		0.0	0.0	1069.0	1401.0	OK
worker1/DishwasherRack/out-right/s0/j3/n4/base	360	20.0		0.0	0.0	977.0	1488.0	OK
worker1/DishwasherRack/out-right/s0/j4/n0/base	360	20.0		0.0	0.0	1000.0	1364.0	OK
worker1/DishwasherRack/out-right/s0/j4/n1/base	360	20.0		0.0	0.0	1024.0	1406.0	OK
worker1/DishwasherRack/out-right/s0/j4/n2/base	360	20.0		0.0	0.0	1028.0	1470.0	OK
worker1/DishwasherRack/out-right/s0/j4/n3/base	360	20.0		0.0	0.0	1084.0	1617.0	OK
worker1/DishwasherRack/out-right/s0/j4/n4/base	360	20.0		0.0	0.0	800.0	1351.0	OK
worker1/DishwasherRack/out-right/s1/j0/n0/base	360	20.0		0.0	0.0	1862.0	2214.0	OK
worker1/DishwasherRack/out-right/s1/j0/n1/base	350	20.0		0.0	0.0	1815.0	2204.0	OK
worker1/DishwasherRack/out-right/s1/j0/n2/base	360	20.0		0.0	0.0	1797.0	2210.0	OK
worker1/DishwasherRack/out-right/s1/j0/n3/base	340	20.0		0.0	0.0	1798.0	2234.0	OK
worker1/DishwasherRack/out-right/s1/j0/n4/base	215	20.0		0.0	0.0	1793.0	2192.0	OK
worker1/DishwasherRack/out-right/s1/j1/n0/base	360	20.0		0.0	0.0	1324.0	2321.0	OK
worker1/DishwasherRack/out-right/s1/j1/n1/base	360	20.0		0.0	0.0	1299.0	2216.0	OK
worker1/DishwasherRack/out-right/s1/j1/n2/base	360	20.0		0.0	0.0	1333.0	2199.0	OK
worker1/DishwasherRack/out-right/s1/j1/n3/base	360	20.0		0.0	0.0	1398.0	2185.0	OK
worker1/DishwasherRack/out-right/s1/j1/n4/base	360	20.0		0.0	0.0	1391.0	2241.0	OK
worker1/DishwasherRack/out-right/s1/j2/n0/base	360	20.0		0.0	0.0	1488.0	2325.0	OK
worker1/DishwasherRack/out-right/s1/j2/n1/base	360	20.0		0.0	0.0	1414.0	2234.0	OK
worker1/DishwasherRack/out-right/s1/j2/n2/base	360	20.0		0.0	0.0	1359.0	2207.0	OK
worker1/DishwasherRack/out-right/s1/j2/n3/base	360	20.0		0.0	0.0	1448.0	2234.0	OK
worker1/DishwasherRack/out-right/s1/j2/n4/base	360	20.0		0.0	0.0	1395.0	2201.0	OK
worker1/DishwasherRack/out-right/s1/j3/n0/base	360	20.0		0.0	0.0	1473.0	2256.0	OK
worker1/DishwasherRack/out-right/s1/j3/n1/base	360	20.0		0.0	0.0	1422.0	2261.0	OK
worker1/DishwasherRack/out-right/s1/j3/n2/base	360	20.0		0.0	0.0	1476.0	2261.0	OK
worker1/DishwasherRack/out-right/s1/j3/n3/base	360	20.0		0.0	0.0	1430.0	2273.0	OK
worker1/DishwasherRack/out-right/s1/j3/n4/base	360	20.0		0.0	0.0	1453.0	2271.0	OK
worker1/DishwasherRack/out-right/s1/j4/n0/base	360	20.0		0.0	0.0	2162.0	4399.0	OK
worker1/DishwasherRack/out-right/s1/j4/n1/base	360	20.0		0.0	0.0	2068.0	3125.0	OK
worker1/DishwasherRack/out-right/s2/j2/n3/base	360	20.0		0.0	0.0	764.0	2084.0	OK
worker1/DishwasherRack/out-right/s2/j2/n4/base	360	20.0		0.0	0.0	787.0	1794.0	OK
worker1/DishwasherRack/out-right/s2/j3/n0/base	360	20.0		0.0	0.0	984.0	1933.0	OK
worker1/DishwasherRack/out-right/s2/j3/n1/base	360	20.0		0.0	0.0	1231.0	2041.0	OK
worker1/DishwasherRack/out-right/s2/j0/n1/base	360	20.0		0.0	0.0	761.0	2118.0	OK
worker1/DishwasherRack/out-right/s2/j0/n2/base	360	20.0		0.0	0.0	921.0	2113.0	OK
worker1/DishwasherRack/out-right/s2/j0/n3/base	360	20.0		0.0	0.0	932.0	2162.0	OK
worker1/DishwasherRack/out-right/s2/j0/n4/base	360	20.0		0.0	0.0	943.0	2300.0	OK
worker1/DishwasherRack/out-right/s2/j1/n0/base	360	20.0		0.0	0.0	929.0	2023.0	OK
worker1/DishwasherRack/out-right/s2/j1/n1/base	360	20.0		0.0	0.0	811.0	2224.0	OK
worker1/DishwasherRack/out-right/s2/j1/n2/base	360	20.0		0.0	0.0	936.0	1959.0	OK
worker1/DishwasherRack/out-right/s2/j1/n3/base	360	20.0		0.0	0.0	842.0	2052.0	OK
worker1/DishwasherRack/out-right/s1/j4/n2/base	360	20.0		0.0	0.0	2064.0	2486.0	OK
worker1/DishwasherRack/out-right/s1/j4/n3/base	360	20.0		0.0	0.0	1864.0	2616.0	OK
worker1/DishwasherRack/out-right/s1/j4/n4/base	360	20.0		0.0	0.0	1957.0	2556.0	OK
worker1/DishwasherRack/out-right/s2/j0/n0/base	360	20.0		0.0	0.0	888.0	2102.0	OK
worker1/DishwasherRack/out-right/s2/j1/n4/base	360	20.0		0.0	0.0	838.0	2077.0	OK
worker1/DishwasherRack/out-right/s2/j2/n0/base	360	20.0		0.0	0.0	955.0	1967.0	OK
worker1/DishwasherRack/out-right/s2/j2/n1/base	360	20.0		0.0	0.0	881.0	1886.0	OK
worker1/DishwasherRack/out-right/s2/j2/n2/base	360	20.0		0.0	0.0	788.0	1692.0	OK
worker1/DishwasherRack/out-right/s2/j3/n2/base	360	20.0		0.0	0.0	782.0	1754.0	OK
worker1/DishwasherRack/out-right/s2/j3/n3/base	360	20.0		0.0	0.0	891.0	2045.0	OK
worker1/DishwasherRack/out-right/s2/j3/n4/base	360	20.0		0.0	0.0	867.0	1691.0	OK
worker1/DishwasherRack/out-right/s2/j4/n0/base	360	20.0		0.0	0.0	1251.0	2188.0	OK
worker1/DishwasherRack/out-right/s2/j4/n1/base	360	20.0		0.0	0.0	1294.0	2167.0	OK
worker1/DishwasherRack/out-right/s2/j4/n2/base	360	20.0		0.0	0.0	1236.0	2058.0	OK
worker1/DishwasherRack/out-right/s2/j4/n3/base	360	20.0		0.0	0.0	1191.0	2075.0	OK
worker1/DishwasherRack/out-right/s2/j4/n4/base	360	20.0		0.0	0.0	1235.0	2051.0	OK
worker1/DishwasherRack/out-left/s0/j0/n0/base	360	20.0		0.0	0.0	1055.0	1494.0	OK
worker1/DishwasherRack/out-left/s0/j0/n1/base	360	20.0		0.0	0.0	879.0	1451.0	OK
worker1/DishwasherRack/out-left/s0/j0/n2/base	360	20.0		0.0	0.0	979.0	1567.0	OK
worker1/DishwasherRack/out-left/s0/j0/n3/base	360	20.0		0.0	0.0	878.0	1577.0	OK
worker1/DishwasherRack/out-left/s0/j0/n4/base	360	20.0		0.0	0.0	875.0	1570.0	OK
worker1/DishwasherRack/out-left/s0/j1/n0/base	360	20.0		0.0	0.0	1046.0	1561.0	OK
worker1/DishwasherRack/out-left/s0/j1/n1/base	360	20.0		0.0	0.0	1043.0	1537.0	OK
worker1/DishwasherRack/out-left/s0/j1/n2/base	360	20.0		0.0	0.0	1047.0	1574.0	OK
worker1/DishwasherRack/out-left/s0/j3/n1/base	360	20.0		0.0	0.0	1034.0	1582.0	OK
worker1/DishwasherRack/out-left/s0/j3/n2/base	360	20.0		0.0	0.0	974.0	1564.0	OK
worker1/DishwasherRack/out-left/s0/j3/n3/base	360	20.0		0.0	0.0	1034.0	1545.0	OK
worker1/DishwasherRack/out-left/s0/j3/n4/base	360	20.0		0.0	0.0	912.0	1561.0	OK
worker1/DishwasherRack/out-left/s0/j2/n2/base	360	20.0		0.0	0.0	1065.0	1518.0	OK
worker1/DishwasherRack/out-left/s0/j2/n3/base	360	20.0		0.0	0.0	882.0	1537.0	OK
worker1/DishwasherRack/out-left/s0/j2/n4/base	360	20.0		0.0	0.0	906.0	1531.0	OK
worker1/DishwasherRack/out-left/s0/j3/n0/base	360	20.0		0.0	0.0	998.0	1533.0	OK
worker1/DishwasherRack/out-left/s0/j1/n3/base	360	20.0		0.0	0.0	1052.0	1514.0	OK
worker1/DishwasherRack/out-left/s0/j1/n4/base	360	20.0		0.0	0.0	882.0	1569.0	OK
worker1/DishwasherRack/out-left/s0/j2/n0/base	360	20.0		0.0	0.0	1079.0	1518.0	OK
worker1/DishwasherRack/out-left/s0/j2/n1/base	360	20.0		0.0	0.0	1076.0	1554.0	OK
worker1/DishwasherRack/out-left/s0/j4/n4/base	360	20.0		0.0	0.0	1001.0	1577.0	OK
worker1/DishwasherRack/out-left/s1/j0/n0/base	78	20.0		0.0	0.0	1338.0	1555.0	OK
worker1/DishwasherRack/out-left/s1/j0/n1/base	113	20.0		0.0	0.0	1420.0	1761.0	OK
worker1/DishwasherRack/out-left/s1/j0/n2/base	98	20.0		0.0	0.0	1349.0	1647.0	OK
worker1/DishwasherRack/out-left/s1/j2/n1/base	123	20.0		0.0	0.0	1616.0	1988.0	OK
worker1/DishwasherRack/out-left/s1/j2/n2/base	108	20.0		0.0	0.0	1605.0	1953.0	OK
worker1/DishwasherRack/out-left/s1/j2/n3/base	105	20.0		0.0	0.0	1570.0	1865.0	OK
worker1/DishwasherRack/out-left/s1/j2/n4/base	105	20.0		0.0	0.0	1540.0	1822.0	OK
worker1/DishwasherRack/out-left/s0/j4/n0/base	360	20.0		0.0	0.0	1056.0	1573.0	OK
worker1/DishwasherRack/out-left/s0/j4/n1/base	360	20.0		0.0	0.0	982.0	1580.0	OK
worker1/DishwasherRack/out-left/s0/j4/n2/base	360	20.0		0.0	0.0	964.0	1581.0	OK
worker1/DishwasherRack/out-left/s0/j4/n3/base	360	20.0		0.0	0.0	1009.0	1584.0	OK
worker1/DishwasherRack/out-left/s1/j3/n0/base	140	20.0		0.0	0.0	1657.0	2099.0	OK
worker1/DishwasherRack/out-left/s1/j3/n1/base	360	20.0		0.0	0.0	1492.0	2237.0	OK
worker1/DishwasherRack/out-left/s1/j3/n2/base	170	20.0		0.0	0.0	1739.0	2095.0	OK
worker1/DishwasherRack/out-left/s1/j3/n3/base	235	20.0		0.0	0.0	1620.0	2064.0	OK
worker1/DishwasherRack/out-left/s1/j0/n3/base	93	20.0		0.0	0.0	1406.0	1673.0	OK
worker1/DishwasherRack/out-left/s1/j0/n4/base	90	20.0		0.0	0.0	1378.0	1641.0	OK
worker1/DishwasherRack/out-left/s1/j1/n0/base	103	20.0		0.0	0.0	1473.0	1843.0	OK
worker1/DishwasherRack/out-left/s1/j1/n1/base	175	20.0		0.0	0.0	1666.0	1996.0	OK
worker1/DishwasherRack/out-left/s1/j1/n2/base	100	20.0		0.0	0.0	1503.0	1899.0	OK
worker1/DishwasherRack/out-left/s1/j1/n3/base	113	20.0		0.0	0.0	1488.0	1837.0	OK
worker1/DishwasherRack/out-left/s1/j1/n4/base	93	20.0		0.0	0.0	1451.0	1755.0	OK
worker1/DishwasherRack/out-left/s1/j2/n0/base	360	20.0		0.0	0.0	1729.0	2799.0	OK
worker1/DishwasherRack/out-left/s2/j0/n2/base	98	20.0		0.0	0.0	1381.0	2080.0	OK
worker1/DishwasherRack/out-left/s2/j0/n3/base	95	20.0		0.0	0.0	1365.0	1917.0	OK
worker1/DishwasherRack/out-left/s2/j0/n4/base	90	20.0		0.0	0.0	1357.0	2108.0	OK
worker1/DishwasherRack/out-left/s2/j1/n0/base	130	20.0		0.0	0.0	1336.0	1902.0	OK
worker1/DishwasherRack/out-left/s2/j1/n1/base	120	20.0		0.0	0.0	1406.0	2144.0	OK
worker1/DishwasherRack/out-left/s2/j1/n2/base	95	20.0		0.0	0.0	1372.0	2091.0	OK
worker1/DishwasherRack/out-left/s2/j1/n3/base	125	20.0		0.0	0.0	1357.0	1863.0	OK
worker1/DishwasherRack/out-left/s2/j1/n4/base	120	20.0		0.0	0.0	1396.0	2022.0	OK
worker1/DishwasherRack/out-left/s2/j2/n0/base	108	20.0		0.0	0.0	1428.0	2094.0	OK
worker1/DishwasherRack/out-left/s2/j2/n1/base	103	20.0		0.0	0.0	1453.0	2237.0	OK
worker1/DishwasherRack/out-left/s2/j2/n2/base	145	20.0		0.0	0.0	1356.0	2035.0	OK
worker1/DishwasherRack/out-left/s2/j2/n3/base	140	20.0		0.0	0.0	1354.0	2096.0	OK
worker1/DishwasherRack/out-left/s2/j3/n3/base	125	20.0		0.0	0.0	1485.0	2133.0	OK
worker1/DishwasherRack/out-left/s2/j3/n4/base	360	20.0		0.0	0.0	956.0	1990.0	OK
worker1/DishwasherRack/out-left/s2/j4/n0/base	200	20.0		0.0	0.0	1491.0	2363.0	OK
worker1/DishwasherRack/out-left/s2/j4/n1/base	195	20.0		0.0	0.0	1459.0	2394.0	OK
worker1/DishwasherRack/out-left/s1/j3/n4/base	110	20.0		0.0	0.0	1602.0	1950.0	OK
worker1/DishwasherRack/out-left/s1/j4/n0/base	360	20.0		0.0	0.0	1952.0	3036.0	OK
worker1/DishwasherRack/out-left/s1/j4/n1/base	360	20.0		0.0	0.0	1710.0	2529.0	OK
worker1/DishwasherRack/out-left/s1/j4/n2/base	188	20.0		0.0	0.0	1772.0	2209.0	OK
worker1/DishwasherRack/out-left/s2/j2/n4/base	135	20.0		0.0	0.0	1351.0	2112.0	OK
worker1/DishwasherRack/out-left/s2/j3/n0/base	360	20.0		0.0	0.0	877.0	2107.0	OK
worker1/DishwasherRack/out-left/s2/j3/n1/base	135	20.0		0.0	0.0	1474.0	2269.0	OK
worker1/DishwasherRack/out-left/s2/j3/n2/base	125	20.0		0.0	0.0	1485.0	2046.0	OK
worker1/DishwasherRack/out-left/s1/j4/n3/base	360	20.0		0.0	0.0	1777.0	2640.0	OK
worker1/DishwasherRack/out-left/s1/j4/n4/base	360	20.0		0.0	0.0	1883.0	2827.0	OK
worker1/DishwasherRack/out-left/s2/j0/n0/base	95	20.0		0.0	0.0	1412.0	2041.0	OK
worker1/DishwasherRack/out-left/s2/j0/n1/base	110	20.0		0.0	0.0	1366.0	2140.0	OK
worker1/OvenRack/out-right/s0/j0/n1/base	360	20.0		0.0	0.0	1010.0	1887.0	OK
worker1/OvenRack/out-right/s0/j0/n2/base	128	20.0		0.0	0.0	1322.0	1887.0	OK
worker1/OvenRack/out-right/s0/j0/n3/base	120	20.0		0.0	0.0	1299.0	1751.0	OK
worker1/OvenRack/out-right/s0/j0/n4/base	123	20.0		0.0	0.0	1264.0	1838.0	OK
worker1/OvenRack/out-right/s0/j1/n0/base	143	20.0		0.0	0.0	1339.0	1785.0	OK
worker1/OvenRack/out-right/s0/j1/n1/base	135	20.0		0.0	0.0	1331.0	1855.0	OK
worker1/OvenRack/out-right/s0/j1/n2/base	145	20.0		0.0	0.0	1279.0	1745.0	OK
worker1/OvenRack/out-right/s0/j1/n3/base	128	20.0		0.0	0.0	1321.0	1746.0	OK
worker1/OvenRack/out-right/s0/j2/n3/base	358	20.0		0.0	0.0	1123.0	1720.0	OK
worker1/OvenRack/out-right/s0/j2/n4/base	125	20.0		0.0	0.0	1326.0	1667.0	OK
worker1/OvenRack/out-right/s0/j3/n0/base	248	20.0		0.0	0.0	1143.0	1738.0	OK
worker1/OvenRack/out-right/s0/j3/n1/base	140	20.0		0.0	0.0	1354.0	1716.0	OK
worker1/OvenRack/out-right/s0/j3/n2/base	140	20.0		0.0	0.0	1349.0	1698.0	OK
worker1/OvenRack/out-right/s0/j3/n3/base	150	20.0		0.0	0.0	1307.0	1616.0	OK
worker1/OvenRack/out-right/s0/j3/n4/base	133	20.0		0.0	0.0	1332.0	1586.0	OK
worker1/OvenRack/out-right/s0/j4/n0/base	140	20.0		0.0	0.0	1320.0	1876.0	OK
worker1/OvenRack/out-right/s0/j1/n4/base	130	20.0		0.0	0.0	1265.0	1764.0	OK
worker1/OvenRack/out-right/s0/j2/n0/base	223	20.0		0.0	0.0	1210.0	1628.0	OK
worker1/OvenRack/out-right/s0/j2/n1/base	150	20.0		0.0	0.0	1311.0	1710.0	OK
worker1/OvenRack/out-right/s0/j2/n2/base	130	20.0		0.0	0.0	1308.0	1709.0	OK
worker1/DishwasherRack/out-left/s2/j4/n2/base	230	20.0		0.0	0.0	1480.0	2465.0	OK
worker1/DishwasherRack/out-left/s2/j4/n3/base	360	20.0		0.0	0.0	1413.0	2186.0	OK
worker1/DishwasherRack/out-left/s2/j4/n4/base	130	20.0		0.0	0.0	1448.0	2219.0	OK
worker1/OvenRack/out-right/s0/j0/n0/base	145	20.0		0.0	0.0	1304.0	1664.0	OK
worker1/OvenRack/out-right/s0/j4/n1/base	140	20.0		0.0	0.0	1322.0	1599.0	OK
worker1/OvenRack/out-right/s0/j4/n2/base	130	20.0		0.0	0.0	1350.0	1639.0	OK
worker1/OvenRack/out-right/s0/j4/n3/base	360	20.0		0.0	0.0	740.0	1630.0	OK
worker1/OvenRack/out-right/s0/j4/n4/base	153	20.0		0.0	0.0	1279.0	1505.0	OK
worker1/OvenRack/out-right/s1/j1/n3/base	173	20.0		0.0	0.0	1672.0	2285.0	OK
worker1/OvenRack/out-right/s1/j1/n4/base	193	20.0		0.0	0.0	1565.0	1872.0	OK
worker1/OvenRack/out-right/s1/j2/n0/base	360	20.0		0.0	0.0	1759.0	2322.0	OK
worker1/OvenRack/out-right/s1/j2/n1/base	360	20.0		0.0	0.0	1621.0	2298.0	OK
worker1/OvenRack/out-right/s1/j2/n2/base	358	20.0		0.0	0.0	1740.0	2241.0	OK
worker1/OvenRack/out-right/s1/j2/n3/base	320	20.0		0.0	0.0	1545.0	2272.0	OK
worker1/OvenRack/out-right/s1/j2/n4/base	360	20.0		0.0	0.0	1419.0	1841.0	OK
worker1/OvenRack/out-right/s1/j3/n0/base	220	20.0		0.0	0.0	1652.0	2026.0	OK
worker1/OvenRack/out-right/s1/j0/n4/base	360	20.0		0.0	0.0	1225.0	1519.0	OK
worker1/OvenRack/out-right/s1/j1/n0/base	348	20.0		0.0	0.0	1644.0	2314.0	OK
worker1/OvenRack/out-right/s1/j1/n1/base	360	20.0		0.0	0.0	1738.0	2368.0	OK
worker1/OvenRack/out-right/s1/j1/n2/base	203	20.0		0.0	0.0	1645.0	2256.0	OK
worker1/OvenRack/out-right/s1/j0/n0/base	360	20.0		0.0	0.0	1453.0	2326.0	OK
worker1/OvenRack/out-right/s1/j0/n1/base	360	20.0		0.0	0.0	1412.0	2114.0	OK
worker1/OvenRack/out-right/s1/j0/n2/base	360	20.0		0.0	0.0	1273.0	1976.0	OK
worker1/OvenRack/out-right/s1/j0/n3/base	360	20.0		0.0	0.0	1160.0	1950.0	OK
worker1/OvenRack/out-right/s1/j3/n1/base	208	20.0		0.0	0.0	1565.0	2488.0	OK
worker1/OvenRack/out-right/s1/j3/n2/base	170	20.0		0.0	0.0	1640.0	2102.0	OK
worker1/OvenRack/out-right/s1/j3/n3/base	193	20.0		0.0	0.0	1596.0	1978.0	OK
worker1/OvenRack/out-right/s1/j3/n4/base	198	20.0		0.0	0.0	1533.0	1871.0	OK
worker1/OvenRack/out-right/s1/j4/n0/base	360	20.0		0.0	0.0	1386.0	1995.0	OK
worker1/OvenRack/out-right/s1/j4/n1/base	360	20.0		0.0	0.0	1359.0	1990.0	OK
worker1/OvenRack/out-right/s1/j4/n2/base	360	20.0		0.0	0.0	1763.0	2512.0	OK
worker1/OvenRack/out-right/s1/j4/n3/base	168	20.0		0.0	0.0	1725.0	1950.0	OK
worker1/OvenRack/out-right/s1/j4/n4/base	175	20.0		0.0	0.0	1660.0	1952.0	OK
worker1/OvenRack/out-right/s2/j0/n0/base	198	20.0		0.0	0.0	2276.0	2851.0	OK
worker1/OvenRack/out-right/s2/j0/n1/base	240	20.0		0.0	0.0	1667.0	2715.0	OK
worker1/OvenRack/out-right/s2/j0/n2/base	205	20.0		0.0	0.0	1678.0	2608.0	OK
worker1/OvenRack/out-right/s2/j3/n0/base	248	20.0		0.0	0.0	1830.0	2797.0	OK
worker1/OvenRack/out-right/s2/j3/n1/base	228	20.0		0.0	0.0	2046.0	2858.0	OK
worker1/OvenRack/out-right/s2/j3/n2/base	140	20.0		0.0	0.0	2070.0	2693.0	OK
worker1/OvenRack/out-right/s2/j3/n3/base	173	20.0		0.0	0.0	1636.0	2633.0	OK
worker1/OvenRack/out-right/s2/j1/n2/base	170	20.0		0.0	0.0	1994.0	2451.0	OK
worker1/OvenRack/out-right/s2/j1/n3/base	128	20.0		0.0	0.0	1896.0	2442.0	OK
worker1/OvenRack/out-right/s2/j1/n4/base	198	20.0		0.0	0.0	1341.0	2434.0	OK
worker1/OvenRack/out-right/s2/j2/n0/base	180	20.0		0.0	0.0	1828.0	2949.0	OK
worker1/OvenRack/out-right/s2/j0/n3/base	183	20.0		0.0	0.0	2157.0	2546.0	OK
worker1/OvenRack/out-right/s2/j0/n4/base	200	20.0		0.0	0.0	1380.0	2470.0	OK
worker1/OvenRack/out-right/s2/j1/n0/base	158	20.0		0.0	0.0	1804.0	2742.0	OK
worker1/OvenRack/out-right/s2/j1/n1/base	250	20.0		0.0	0.0	1873.0	2629.0	OK
worker1/OvenRack/out-right/s2/j2/n1/base	175	20.0		0.0	0.0	1813.0	2806.0	OK
worker1/OvenRack/out-right/s2/j2/n2/base	135	20.0		0.0	0.0	2016.0	2489.0	OK
worker1/OvenRack/out-right/s2/j2/n3/base	130	20.0		0.0	0.0	2010.0	2467.0	OK
worker1/OvenRack/out-right/s2/j2/n4/base	353	20.0		0.0	0.0	1718.0	2518.0	OK
worker1/OvenRack/out-right/s2/j3/n4/base	210	20.0		0.0	0.0	1520.0	2827.0	OK
worker1/OvenRack/out-right/s2/j4/n0/base	233	20.0		0.0	0.0	2034.0	2732.0	OK
worker1/OvenRack/out-right/s2/j4/n1/base	158	20.0		0.0	0.0	1900.0	2893.0	OK
worker1/OvenRack/out-right/s2/j4/n2/base	193	20.0		0.0	0.0	1695.0	2580.0	OK
worker1/OvenRack/out-left/s0/j0/n2/base	360	20.0		0.0	0.0	1132.0	2207.0	OK
worker1/OvenRack/out-left/s0/j0/n3/base	360	20.0		0.0	0.0	1131.0	2221.0	OK
worker1/OvenRack/out-left/s0/j0/n4/base	360	20.0		0.0	0.0	1131.0	2204.0	OK
worker1/OvenRack/out-left/s0/j1/n0/base	360	20.0		0.0	0.0	1108.0	2013.0	OK
worker1/OvenRack/out-right/s2/j4/n3/base	200	20.0		0.0	0.0	1671.0	2545.0	OK
worker1/OvenRack/out-right/s2/j4/n4/base	203	20.0		0.0	0.0	1696.0	2735.0	OK
worker1/OvenRack/out-left/s0/j0/n0/base	360	20.0		0.0	0.0	1142.0	2187.0	OK
worker1/OvenRack/out-left/s0/j0/n1/base	360	20.0		0.0	0.0	1292.0	2220.0	OK
worker1/OvenRack/out-left/s0/j1/n1/base	360	20.0		0.0	0.0	1324.0	2044.0	OK
worker1/OvenRack/out-left/s0/j1/n2/base	360	20.0		0.0	0.0	1472.0	2141.0	OK
worker1/OvenRack/out-left/s0/j1/n3/base	360	20.0		0.0	0.0	1108.0	2122.0	OK
worker1/OvenRack/out-left/s0/j1/n4/base	360	20.0		0.0	0.0	1109.0	2091.0	OK
worker1/OvenRack/out-left/s0/j2/n4/base	360	20.0		0.0	0.0	1099.0	2111.0	OK
worker1/OvenRack/out-left/s0/j3/n0/base	360	20.0		0.0	0.0	1109.0	2218.0	OK
worker1/OvenRack/out-left/s0/j3/n1/base	360	20.0		0.0	0.0	1169.0	2228.0	OK
worker1/OvenRack/out-left/s0/j3/n2/base	360	20.0		0.0	0.0	1137.0	2284.0	OK
worker1/OvenRack/out-left/s0/j2/n0/base	360	20.0		0.0	0.0	1119.0	2026.0	OK
worker1/OvenRack/out-left/s0/j2/n1/base	360	20.0		0.0	0.0	1122.0	2066.0	OK
worker1/OvenRack/out-left/s0/j2/n2/base	360	20.0		0.0	0.0	1138.0	2184.0	OK
worker1/OvenRack/out-left/s0/j2/n3/base	360	20.0		0.0	0.0	1257.0	2136.0	OK
worker1/OvenRack/out-left/s0/j3/n3/base	360	20.0		0.0	0.0	1095.0	2280.0	OK
worker1/OvenRack/out-left/s0/j3/n4/base	360	20.0		0.0	0.0	1093.0	2258.0	OK
worker1/OvenRack/out-left/s0/j4/n0/base	360	20.0		0.0	0.0	1561.0	1990.0	OK
worker1/OvenRack/out-left/s0/j4/n1/base	360	20.0		0.0	0.0	1008.0	2108.0	OK
worker1/OvenRack/out-left/s1/j1/n0/base	93	20.0		0.0	0.0	1528.0	2138.0	OK
worker1/OvenRack/out-left/s1/j1/n1/base	78	20.0		0.0	0.0	1544.0	2224.0	OK
worker1/OvenRack/out-left/s1/j1/n2/base	90	20.0		0.0	0.0	1592.0	2226.0	OK
worker1/OvenRack/out-left/s1/j1/n3/base	90	20.0		0.0	0.0	1599.0	2319.0	OK
worker1/OvenRack/out-left/s1/j2/n3/base	90	20.0		0.0	0.0	1462.0	2333.0	OK
worker1/OvenRack/out-left/s1/j2/n4/base	93	20.0		0.0	0.0	1442.0	2334.0	OK
worker1/OvenRack/out-left/s1/j3/n0/base	105	20.0		0.0	0.0	1635.0	2612.0	OK
worker1/OvenRack/out-left/s1/j3/n1/base	95	20.0		0.0	0.0	1712.0	2610.0	OK
worker1/OvenRack/out-left/s1/j0/n1/base	73	20.0		0.0	0.0	1744.0	2308.0	OK
worker1/OvenRack/out-left/s1/j0/n2/base	68	20.0		0.0	0.0	1649.0	2298.0	OK
worker1/OvenRack/out-left/s1/j0/n3/base	85	20.0		0.0	0.0	1842.0	2411.0	OK
worker1/OvenRack/out-left/s1/j0/n4/base	85	20.0		0.0	0.0	1796.0	2428.0	OK
worker1/OvenRack/out-left/s1/j3/n2/base	90	20.0		0.0	0.0	1600.0	2384.0	OK
worker1/OvenRack/out-left/s1/j3/n3/base	88	20.0		0.0	0.0	1441.0	2325.0	OK
worker1/OvenRack/out-left/s1/j3/n4/base	85	20.0		0.0	0.0	1516.0	2371.0	OK
worker1/OvenRack/out-left/s1/j4/n0/base	113	20.0		0.0	0.0	1614.0	2626.0	OK
worker1/OvenRack/out-left/s0/j4/n2/base	360	20.0		0.0	0.0	1144.0	2137.0	OK
worker1/OvenRack/out-left/s0/j4/n3/base	360	20.0		0.0	0.0	1362.0	2121.0	OK
worker1/OvenRack/out-left/s0/j4/n4/base	360	20.0		0.0	0.0	972.0	2450.0	OK
worker1/OvenRack/out-left/s1/j0/n0/base	73	20.0		0.0	0.0	1442.0	2103.0	OK
worker1/OvenRack/out-left/s1/j1/n4/base	85	20.0		0.0	0.0	1588.0	2247.0	OK
worker1/OvenRack/out-left/s1/j2/n0/base	93	20.0		0.0	0.0	1429.0	2302.0	OK
worker1/OvenRack/out-left/s1/j2/n1/base	90	20.0		0.0	0.0	1539.0	2316.0	OK
worker1/OvenRack/out-left/s1/j2/n2/base	90	20.0		0.0	0.0	1524.0	2299.0	OK
worker1/OvenRack/out-left/s1/j4/n1/base	188	20.0		0.0	0.0	1861.0	2463.0	OK
worker1/OvenRack/out-left/s1/j4/n2/base	98	20.0		0.0	0.0	1712.0	2698.0	OK
worker1/OvenRack/out-left/s1/j4/n3/base	93	20.0		0.0	0.0	1584.0	2476.0	OK
worker1/OvenRack/out-left/s1/j4/n4/base	90	20.0		0.0	0.0	1555.0	2370.0	OK
worker1/OvenRack/out-left/s2/j0/n0/base	65	20.0		0.0	0.0	1725.0	2051.0	OK
worker1/OvenRack/out-left/s2/j0/n1/base	63	20.0		0.0	0.0	1778.0	2130.0	OK
worker1/OvenRack/out-left/s2/j0/n2/base	60	20.0		0.0	0.0	1772.0	2082.0	OK
worker1/OvenRack/out-left/s2/j0/n3/base	70	20.0		0.0	0.0	1791.0	2346.0	OK
worker1/OvenRack/out-left/s2/j0/n4/base	68	20.0		0.0	0.0	1757.0	2413.0	OK
worker1/OvenRack/out-left/s2/j1/n0/base	75	20.0		0.0	0.0	1716.0	2179.0	OK
worker1/OvenRack/out-left/s2/j1/n1/base	73	20.0		0.0	0.0	1767.0	2159.0	OK
worker1/OvenRack/out-left/s2/j1/n2/base	73	20.0		0.0	0.0	1795.0	2274.0	OK
worker1/OvenRack/out-left/s2/j1/n3/base	78	20.0		0.0	0.0	1802.0	2291.0	OK
worker1/OvenRack/out-left/s2/j1/n4/base	83	20.0		0.0	0.0	1835.0	2383.0	OK
worker1/OvenRack/out-left/s2/j2/n0/base	120	20.0		0.0	0.0	1937.0	2623.0	OK
worker1/OvenRack/out-left/s2/j2/n1/base	95	20.0		0.0	0.0	1781.0	2326.0	OK
worker1/OvenRack/out-left/s2/j2/n2/base	93	20.0		0.0	0.0	1804.0	2367.0	OK
worker1/OvenRack/out-left/s2/j2/n3/base	88	20.0		0.0	0.0	1875.0	2431.0	OK
worker1/OvenRack/out-left/s2/j2/n4/base	85	20.0		0.0	0.0	1889.0	2422.0	OK
worker1/OvenRack/out-left/s2/j3/n0/base	105	20.0		0.0	0.0	1806.0	2524.0	OK
worker1/OvenRack/out-left/s2/j3/n1/base	93	20.0		0.0	0.0	1824.0	2445.0	OK
worker1/OvenRack/out-left/s2/j3/n2/base	88	20.0		0.0	0.0	1761.0	2285.0	OK
worker1/OvenRack/out-left/s2/j3/n3/base	85	20.0		0.0	0.0	1797.0	2364.0	OK
worker1/OvenRack/out-left/s2/j3/n4/base	85	20.0		0.0	0.0	1869.0	2448.0	OK
worker2/PPCC/apple/s0/j0/n3/base	90	20.0		0.0	0.0	737.0	909.0	OK
worker2/PPCC/apple/s0/j0/n4/base	90	20.0		0.0	0.0	729.0	890.0	OK
worker2/PPCC/apple/s0/j1/n0/base	100	20.0		0.0	0.0	747.0	938.0	OK
worker2/PPCC/apple/s0/j1/n1/base	98	20.0		0.0	0.0	757.0	939.0	OK
worker2/PPCC/apple/s0/j2/n1/base	100	20.0		0.0	0.0	729.0	898.0	OK
worker2/PPCC/apple/s0/j2/n2/base	95	20.0		0.0	0.0	728.0	889.0	OK
worker2/PPCC/apple/s0/j2/n3/base	103	20.0		0.0	0.0	722.0	880.0	OK
worker2/PPCC/apple/s0/j2/n4/base	103	20.0		0.0	0.0	727.0	881.0	OK
worker2/PPCC/apple/s0/j3/n0/base	110	20.0		0.0	0.0	748.0	932.0	OK
worker2/PPCC/apple/s0/j3/n1/base	105	20.0		0.0	0.0	764.0	927.0	OK
worker2/PPCC/apple/s0/j3/n2/base	105	20.0		0.0	0.0	757.0	921.0	OK
worker2/PPCC/apple/s0/j3/n3/base	103	20.0		0.0	0.0	760.0	922.0	OK
worker2/PPCC/apple/s0/j3/n4/base	105	20.0		0.0	0.0	763.0	910.0	OK
worker2/PPCC/apple/s0/j4/n0/base	103	20.0		0.0	0.0	756.0	956.0	OK
worker2/PPCC/apple/s0/j4/n1/base	100	20.0		0.0	0.0	750.0	940.0	OK
worker2/PPCC/apple/s0/j4/n2/base	108	20.0		0.0	0.0	743.0	933.0	OK
worker2/PPCC/apple/s0/j4/n3/base	105	20.0		0.0	0.0	752.0	931.0	OK
worker2/PPCC/apple/s0/j4/n4/base	108	20.0		0.0	0.0	750.0	932.0	OK
worker2/PPCC/apple/s1/j0/n0/base	98	20.0		0.0	0.0	999.0	1313.0	OK
worker2/PPCC/apple/s1/j0/n1/base	95	20.0		0.0	0.0	995.0	1350.0	OK
worker2/PPCC/apple/s0/j1/n2/base	95	20.0		0.0	0.0	748.0	945.0	OK
worker2/PPCC/apple/s0/j1/n3/base	105	20.0		0.0	0.0	742.0	924.0	OK
worker2/PPCC/apple/s0/j1/n4/base	103	20.0		0.0	0.0	743.0	919.0	OK
worker2/PPCC/apple/s0/j2/n0/base	100	20.0		0.0	0.0	725.0	907.0	OK
worker1/OvenRack/out-left/s2/j4/n4/base	360	20.0		0.0	0.0	1119.0	2101.0	OK
worker2/PPCC/apple/s0/j0/n0/base	100	20.0		0.0	0.0	740.0	935.0	OK
worker2/PPCC/apple/s0/j0/n1/base	98	20.0		0.0	0.0	733.0	923.0	OK
worker2/PPCC/apple/s0/j0/n2/base	93	20.0		0.0	0.0	731.0	899.0	OK
worker2/PPCC/apple/s1/j0/n2/base	93	20.0		0.0	0.0	995.0	1255.0	OK
worker2/PPCC/apple/s1/j0/n3/base	88	20.0		0.0	0.0	1018.0	1217.0	OK
worker2/PPCC/apple/s1/j0/n4/base	85	20.0		0.0	0.0	1004.0	1168.0	OK
worker2/PPCC/apple/s1/j1/n0/base	93	20.0		0.0	0.0	975.0	1184.0	OK
worker2/PPCC/apple/s1/j1/n1/base	93	20.0		0.0	0.0	992.0	1211.0	OK
worker2/PPCC/apple/s1/j1/n2/base	90	20.0		0.0	0.0	1001.0	1137.0	OK
worker2/PPCC/apple/s1/j1/n3/base	88	20.0		0.0	0.0	1002.0	1150.0	OK
worker2/PPCC/apple/s1/j1/n4/base	85	20.0		0.0	0.0	983.0	1137.0	OK
worker1/OvenRack/out-left/s2/j4/n0/base	360	20.0		0.0	0.0	1106.0	2032.0	OK
worker1/OvenRack/out-left/s2/j4/n1/base	360	20.0		0.0	0.0	988.0	2423.0	OK
worker1/OvenRack/out-left/s2/j4/n2/base	360	20.0		0.0	0.0	1054.0	2094.0	OK
worker1/OvenRack/out-left/s2/j4/n3/base	360	20.0		0.0	0.0	970.0	2479.0	OK
worker2/PPCC/apple/s1/j2/n0/base	100	20.0		0.0	0.0	1012.0	1421.0	OK
worker2/PPCC/apple/s1/j2/n1/base	98	20.0		0.0	0.0	1031.0	1386.0	OK
worker2/PPCC/apple/s1/j2/n2/base	95	20.0		0.0	0.0	1028.0	1250.0	OK
worker2/PPCC/apple/s1/j2/n3/base	93	20.0		0.0	0.0	1033.0	1227.0	OK
worker2/PPCC/apple/s1/j2/n4/base	90	20.0		0.0	0.0	1027.0	1190.0	OK
worker2/PPCC/apple/s1/j3/n0/base	93	20.0		0.0	0.0	943.0	1183.0	OK
worker2/PPCC/apple/s1/j3/n1/base	93	20.0		0.0	0.0	976.0	1170.0	OK
worker2/PPCC/apple/s1/j3/n2/base	88	20.0		0.0	0.0	990.0	1139.0	OK
worker2/PPCC/apple/s1/j4/n2/base	93	20.0		0.0	0.0	968.0	1119.0	OK
worker2/PPCC/apple/s1/j4/n3/base	93	20.0		0.0	0.0	982.0	1117.0	OK
worker2/PPCC/apple/s1/j4/n4/base	93	20.0		0.0	0.0	970.0	1104.0	OK
worker2/PPCC/apple/s2/j0/n0/base	110	20.0		0.0	0.0	840.0	1010.0	OK
worker2/PPCC/apple/s2/j0/n1/base	98	20.0		0.0	0.0	858.0	1006.0	OK
worker2/PPCC/apple/s2/j0/n2/base	103	20.0		0.0	0.0	863.0	1008.0	OK
worker2/PPCC/apple/s2/j0/n3/base	100	20.0		0.0	0.0	860.0	1005.0	OK
worker2/PPCC/apple/s2/j0/n4/base	93	20.0		0.0	0.0	849.0	1024.0	OK
worker2/PPCC/apple/s2/j1/n0/base	103	20.0		0.0	0.0	842.0	1011.0	OK
worker2/PPCC/apple/s2/j1/n1/base	100	20.0		0.0	0.0	842.0	1008.0	OK
worker2/PPCC/apple/s2/j1/n2/base	98	20.0		0.0	0.0	853.0	1013.0	OK
worker2/PPCC/apple/s2/j1/n3/base	100	20.0		0.0	0.0	842.0	1015.0	OK
worker2/PPCC/apple/s2/j2/n3/base	90	20.0		0.0	0.0	835.0	996.0	OK
worker2/PPCC/apple/s2/j2/n4/base	88	20.0		0.0	0.0	836.0	997.0	OK
worker2/PPCC/apple/s2/j3/n0/base	93	20.0		0.0	0.0	831.0	1035.0	OK
worker2/PPCC/apple/s2/j3/n1/base	98	20.0		0.0	0.0	840.0	1035.0	OK
worker2/PPCC/apple/s2/j1/n4/base	95	20.0		0.0	0.0	846.0	1017.0	OK
worker2/PPCC/apple/s2/j2/n0/base	98	20.0		0.0	0.0	834.0	1021.0	OK
worker2/PPCC/apple/s2/j2/n1/base	95	20.0		0.0	0.0	840.0	993.0	OK
worker2/PPCC/apple/s2/j2/n2/base	93	20.0		0.0	0.0	839.0	993.0	OK
worker2/PPCC/apple/s2/j3/n2/base	95	20.0		0.0	0.0	845.0	1037.0	OK
worker2/PPCC/apple/s2/j3/n3/base	93	20.0		0.0	0.0	861.0	1039.0	OK
worker2/PPCC/apple/s2/j3/n4/base	100	20.0		0.0	0.0	845.0	1040.0	OK
worker2/PPCC/apple/s2/j4/n0/base	98	20.0		0.0	0.0	842.0	996.0	OK
worker2/PPCC/apple/s2/j4/n1/base	95	20.0		0.0	0.0	837.0	1005.0	OK
worker2/PPCC/apple/s2/j4/n2/base	93	20.0		0.0	0.0	847.0	1008.0	OK
worker2/PPCC/apple/s2/j4/n3/base	93	20.0		0.0	0.0	837.0	1003.0	OK
worker2/PPCC/apple/s2/j4/n4/base	100	20.0		0.0	0.0	837.0	1005.0	OK
worker2/PPCC/apple/s1/j3/n3/base	85	20.0		0.0	0.0	996.0	1130.0	OK
worker2/PPCC/apple/s1/j3/n4/base	83	20.0		0.0	0.0	971.0	1104.0	OK
worker2/PPCC/apple/s1/j4/n0/base	98	20.0		0.0	0.0	961.0	1108.0	OK
worker2/PPCC/apple/s1/j4/n1/base	95	20.0		0.0	0.0	968.0	1088.0	OK
worker2/PPCC/bread/s0/j0/n4/base	360	20.0		0.0	0.0	804.0	1120.0	OK
worker2/PPCC/bread/s0/j1/n0/base	95	20.0		0.0	0.0	773.0	890.0	OK
worker2/PPCC/bread/s0/j1/n1/base	93	20.0		0.0	0.0	780.0	889.0	OK
worker2/PPCC/bread/s0/j1/n2/base	90	20.0		0.0	0.0	782.0	900.0	OK
worker2/PPCC/bread/s0/j1/n3/base	278	20.0		0.0	0.0	770.0	928.0	OK
worker2/PPCC/bread/s0/j1/n4/base	360	20.0		0.0	0.0	805.0	943.0	OK
worker2/PPCC/bread/s0/j2/n0/base	360	20.0		0.0	0.0	762.0	969.0	OK
worker2/PPCC/bread/s0/j2/n1/base	93	20.0		0.0	0.0	809.0	971.0	OK
worker2/PPCC/bread/s0/j2/n2/base	95	20.0		0.0	0.0	806.0	972.0	OK
worker2/PPCC/bread/s0/j2/n3/base	90	20.0		0.0	0.0	808.0	977.0	OK
worker2/PPCC/bread/s0/j2/n4/base	93	20.0		0.0	0.0	795.0	975.0	OK
worker2/PPCC/bread/s0/j3/n0/base	360	20.0		0.0	0.0	735.0	985.0	OK
worker2/PPCC/bread/s0/j0/n0/base	105	20.0		0.0	0.0	799.0	925.0	OK
worker2/PPCC/bread/s0/j0/n1/base	103	20.0		0.0	0.0	804.0	935.0	OK
worker2/PPCC/bread/s0/j0/n2/base	103	20.0		0.0	0.0	802.0	931.0	OK
worker2/PPCC/bread/s0/j0/n3/base	360	20.0		0.0	0.0	766.0	924.0	OK
worker2/PPCC/bread/s1/j0/n3/base	93	20.0		0.0	0.0	1183.0	1533.0	OK
worker2/PPCC/bread/s1/j0/n4/base	95	20.0		0.0	0.0	1191.0	1451.0	OK
worker2/PPCC/bread/s1/j1/n0/base	90	20.0		0.0	0.0	1146.0	1533.0	OK
worker2/PPCC/bread/s1/j1/n1/base	88	20.0		0.0	0.0	1143.0	1557.0	OK
worker2/PPCC/bread/s0/j4/n0/base	100	20.0		0.0	0.0	900.0	1053.0	OK
worker2/PPCC/bread/s0/j4/n1/base	98	20.0		0.0	0.0	898.0	1082.0	OK
worker2/PPCC/bread/s0/j4/n2/base	93	20.0		0.0	0.0	903.0	1060.0	OK
worker2/PPCC/bread/s0/j4/n3/base	90	20.0		0.0	0.0	898.0	1068.0	OK
worker2/PPCC/bread/s1/j2/n1/base	100	20.0		0.0	0.0	1187.0	1600.0	OK
worker2/PPCC/bread/s1/j2/n2/base	100	20.0		0.0	0.0	1177.0	1463.0	OK
worker2/PPCC/bread/s1/j2/n3/base	103	20.0		0.0	0.0	1185.0	1531.0	OK
worker2/PPCC/bread/s1/j2/n4/base	95	20.0		0.0	0.0	1187.0	1447.0	OK
worker2/PPCC/bread/s0/j4/n4/base	360	20.0		0.0	0.0	862.0	1062.0	OK
worker2/PPCC/bread/s1/j0/n0/base	98	20.0		0.0	0.0	1162.0	1594.0	OK
worker2/PPCC/bread/s1/j0/n1/base	95	20.0		0.0	0.0	1166.0	1601.0	OK
worker2/PPCC/bread/s1/j0/n2/base	95	20.0		0.0	0.0	1167.0	1512.0	OK
worker2/PPCC/bread/s1/j1/n2/base	93	20.0		0.0	0.0	1145.0	1510.0	OK
worker2/PPCC/bread/s1/j1/n3/base	95	20.0		0.0	0.0	1152.0	1515.0	OK
worker2/PPCC/bread/s1/j1/n4/base	93	20.0		0.0	0.0	1136.0	1446.0	OK
worker2/PPCC/bread/s1/j2/n0/base	108	20.0		0.0	0.0	1180.0	1552.0	OK
worker2/PPCC/bread/s0/j3/n1/base	360	20.0		0.0	0.0	740.0	980.0	OK
worker2/PPCC/bread/s0/j3/n2/base	360	20.0		0.0	0.0	762.0	980.0	OK
worker2/PPCC/bread/s0/j3/n3/base	360	20.0		0.0	0.0	742.0	989.0	OK
worker2/PPCC/bread/s0/j3/n4/base	360	20.0		0.0	0.0	746.0	983.0	OK
worker2/PPCC/bread/s1/j3/n4/base	100	20.0		0.0	0.0	1192.0	1614.0	OK
worker2/PPCC/bread/s1/j4/n0/base	88	20.0		0.0	0.0	1114.0	1448.0	OK
worker2/PPCC/bread/s1/j4/n1/base	88	20.0		0.0	0.0	1119.0	1538.0	OK
worker2/PPCC/bread/s1/j4/n2/base	85	20.0		0.0	0.0	1120.0	1447.0	OK
worker2/PPCC/bread/s1/j3/n0/base	95	20.0		0.0	0.0	1176.0	1759.0	OK
worker2/PPCC/bread/s1/j3/n1/base	98	20.0		0.0	0.0	1179.0	1787.0	OK
worker2/PPCC/bread/s1/j3/n2/base	93	20.0		0.0	0.0	1188.0	1725.0	OK
worker2/PPCC/bread/s1/j3/n3/base	98	20.0		0.0	0.0	1194.0	1753.0	OK
worker2/PPCC/bread/s2/j0/n2/base	90	20.0		0.0	0.0	888.0	1033.0	OK
worker2/PPCC/bread/s2/j0/n3/base	90	20.0		0.0	0.0	887.0	1032.0	OK
worker2/PPCC/bread/s2/j0/n4/base	98	20.0		0.0	0.0	881.0	1047.0	OK
worker2/PPCC/bread/s2/j1/n0/base	103	20.0		0.0	0.0	897.0	1036.0	OK
worker2/PPCC/bread/s2/j2/n0/base	95	20.0		0.0	0.0	868.0	1049.0	OK
worker2/PPCC/bread/s2/j2/n1/base	93	20.0		0.0	0.0	878.0	1048.0	OK
worker2/PPCC/bread/s2/j2/n2/base	90	20.0		0.0	0.0	876.0	1045.0	OK
worker2/PPCC/bread/s2/j2/n3/base	88	20.0		0.0	0.0	885.0	1051.0	OK
worker2/PPCC/bread/s2/j2/n4/base	85	20.0		0.0	0.0	881.0	1052.0	OK
worker2/PPCC/bread/s2/j3/n0/base	90	20.0		0.0	0.0	867.0	1053.0	OK
worker2/PPCC/bread/s2/j3/n1/base	95	20.0		0.0	0.0	866.0	1060.0	OK
worker2/PPCC/bread/s2/j3/n2/base	90	20.0		0.0	0.0	873.0	1057.0	OK
worker2/PPCC/bread/s2/j1/n1/base	95	20.0		0.0	0.0	898.0	1045.0	OK
worker2/PPCC/bread/s2/j1/n2/base	93	20.0		0.0	0.0	886.0	1034.0	OK
worker2/PPCC/bread/s2/j1/n3/base	98	20.0		0.0	0.0	898.0	1039.0	OK
worker2/PPCC/bread/s2/j1/n4/base	295	20.0		0.0	0.0	896.0	1041.0	OK
worker2/PPCC/bread/s1/j4/n3/base	90	20.0		0.0	0.0	1137.0	1467.0	OK
worker2/PPCC/bread/s1/j4/n4/base	88	20.0		0.0	0.0	1140.0	1431.0	OK
worker2/PPCC/bread/s2/j0/n0/base	95	20.0		0.0	0.0	878.0	1031.0	OK
worker2/PPCC/bread/s2/j0/n1/base	93	20.0		0.0	0.0	884.0	1026.0	OK
worker2/PPCC/candle/s0/j1/n0/base	360	20.0		0.0	0.0	754.0	839.0	OK
worker2/PPCC/candle/s0/j1/n1/base	103	20.0		0.0	0.0	718.0	795.0	OK
worker2/PPCC/candle/s0/j1/n2/base	103	20.0		0.0	0.0	738.0	867.0	OK
worker2/PPCC/candle/s0/j1/n3/base	360	20.0		0.0	0.0	737.0	832.0	OK
worker2/PPCC/bread/s2/j4/n2/base	95	20.0		0.0	0.0	890.0	1070.0	OK
worker2/PPCC/bread/s2/j4/n3/base	93	20.0		0.0	0.0	884.0	1068.0	OK
worker2/PPCC/bread/s2/j4/n4/base	103	20.0		0.0	0.0	883.0	1064.0	OK
worker2/PPCC/candle/s0/j0/n0/base	360	20.0		0.0	0.0	752.0	875.0	OK
worker2/PPCC/candle/s0/j1/n4/base	108	20.0		0.0	0.0	735.0	844.0	OK
worker2/PPCC/candle/s0/j2/n0/base	200	20.0		0.0	0.0	729.0	883.0	OK
worker2/PPCC/candle/s0/j2/n1/base	203	20.0		0.0	0.0	758.0	862.0	OK
worker2/PPCC/candle/s0/j2/n2/base	200	20.0		0.0	0.0	761.0	862.0	OK
worker2/PPCC/candle/s0/j4/n1/base	118	20.0		0.0	0.0	746.0	838.0	OK
worker2/PPCC/candle/s0/j4/n2/base	100	20.0		0.0	0.0	725.0	813.0	OK
worker2/PPCC/candle/s0/j4/n3/base	203	20.0		0.0	0.0	746.0	838.0	OK
worker2/PPCC/candle/s0/j4/n4/base	113	20.0		0.0	0.0	728.0	813.0	OK
worker2/PPCC/bread/s2/j3/n3/base	93	20.0		0.0	0.0	883.0	1060.0	OK
worker2/PPCC/bread/s2/j3/n4/base	90	20.0		0.0	0.0	871.0	1068.0	OK
worker2/PPCC/bread/s2/j4/n0/base	95	20.0		0.0	0.0	900.0	1066.0	OK
worker2/PPCC/bread/s2/j4/n1/base	175	20.0		0.0	0.0	908.0	1086.0	OK
worker2/PPCC/candle/s0/j3/n2/base	360	20.0		0.0	0.0	759.0	877.0	OK
worker2/PPCC/candle/s0/j3/n3/base	360	20.0		0.0	0.0	775.0	845.0	OK
worker2/PPCC/candle/s0/j3/n4/base	360	20.0		0.0	0.0	773.0	860.0	OK
worker2/PPCC/candle/s0/j4/n0/base	118	20.0		0.0	0.0	735.0	838.0	OK
worker2/PPCC/candle/s0/j0/n1/base	360	20.0		0.0	0.0	789.0	901.0	OK
worker2/PPCC/candle/s0/j0/n2/base	203	20.0		0.0	0.0	726.0	843.0	OK
worker2/PPCC/candle/s0/j0/n3/base	200	20.0		0.0	0.0	741.0	829.0	OK
worker2/PPCC/candle/s0/j0/n4/base	228	20.0		0.0	0.0	732.0	843.0	OK
worker2/PPCC/candle/s1/j0/n4/base	360	20.0		0.0	0.0	918.0	1157.0	OK
worker2/PPCC/candle/s1/j1/n0/base	165	20.0		0.0	0.0	889.0	1406.0	OK
worker2/PPCC/candle/s1/j1/n1/base	160	20.0		0.0	0.0	888.0	1385.0	OK
worker2/PPCC/candle/s1/j1/n2/base	160	20.0		0.0	0.0	890.0	1425.0	OK
worker2/PPCC/candle/s0/j2/n3/base	198	20.0		0.0	0.0	767.0	849.0	OK
worker2/PPCC/candle/s0/j2/n4/base	198	20.0		0.0	0.0	761.0	855.0	OK
worker2/PPCC/candle/s0/j3/n0/base	360	20.0		0.0	0.0	768.0	855.0	OK
worker2/PPCC/candle/s0/j3/n1/base	360	20.0		0.0	0.0	767.0	843.0	OK
worker2/PPCC/candle/s1/j3/n1/base	123	20.0		0.0	0.0	902.0	1168.0	OK
worker2/PPCC/candle/s1/j3/n2/base	115	20.0		0.0	0.0	904.0	1259.0	OK
worker2/PPCC/candle/s1/j3/n3/base	120	20.0		0.0	0.0	904.0	1194.0	OK
worker2/PPCC/candle/s1/j3/n4/base	128	20.0		0.0	0.0	901.0	1081.0	OK
worker2/PPCC/candle/s1/j0/n0/base	360	20.0		0.0	0.0	923.0	1440.0	OK
worker2/PPCC/candle/s1/j0/n1/base	123	20.0		0.0	0.0	923.0	1339.0	OK
worker2/PPCC/candle/s1/j0/n2/base	360	20.0		0.0	0.0	962.0	1347.0	OK
worker2/PPCC/candle/s1/j0/n3/base	360	20.0		0.0	0.0	958.0	1274.0	OK
worker2/PPCC/candle/s1/j2/n2/base	135	20.0		0.0	0.0	897.0	1491.0	OK
worker2/PPCC/candle/s1/j2/n3/base	130	20.0		0.0	0.0	895.0	1408.0	OK
worker2/PPCC/candle/s1/j2/n4/base	360	20.0		0.0	0.0	932.0	1281.0	OK
worker2/PPCC/candle/s1/j3/n0/base	123	20.0		0.0	0.0	905.0	1304.0	OK
worker2/PPCC/candle/s1/j4/n0/base	100	20.0		0.0	0.0	915.0	1468.0	OK
worker2/PPCC/candle/s1/j4/n1/base	98	20.0		0.0	0.0	933.0	1425.0	OK
worker2/PPCC/candle/s1/j4/n2/base	98	20.0		0.0	0.0	940.0	1322.0	OK
worker2/PPCC/candle/s1/j4/n3/base	360	20.0		0.0	0.0	883.0	1314.0	OK
worker2/PPCC/candle/s1/j1/n3/base	130	20.0		0.0	0.0	904.0	1417.0	OK
worker2/PPCC/candle/s1/j1/n4/base	360	20.0		0.0	0.0	898.0	1325.0	OK
worker2/PPCC/candle/s1/j2/n0/base	168	20.0		0.0	0.0	881.0	1484.0	OK
worker2/PPCC/candle/s1/j2/n1/base	163	20.0		0.0	0.0	886.0	1433.0	OK
worker2/PPCC/candle/s1/j4/n4/base	360	20.0		0.0	0.0	896.0	1197.0	OK
worker2/PPCC/candle/s2/j0/n0/base	360	20.0		0.0	0.0	837.0	1005.0	OK
worker2/PPCC/candle/s2/j0/n1/base	360	20.0		0.0	0.0	880.0	1012.0	OK
worker2/PPCC/candle/s2/j0/n2/base	280	20.0		0.0	0.0	807.0	1004.0	OK
worker2/PPCC/candle/s2/j1/n2/base	120	20.0		0.0	0.0	803.0	975.0	OK
worker2/PPCC/candle/s2/j1/n3/base	123	20.0		0.0	0.0	803.0	973.0	OK
worker2/PPCC/candle/s2/j1/n4/base	250	20.0		0.0	0.0	794.0	976.0	OK
worker2/PPCC/candle/s2/j2/n0/base	115	20.0		0.0	0.0	796.0	966.0	OK
worker2/PPCC/candle/s2/j0/n3/base	360	20.0		0.0	0.0	874.0	1008.0	OK
worker2/PPCC/candle/s2/j0/n4/base	193	20.0		0.0	0.0	841.0	1010.0	OK
worker2/PPCC/candle/s2/j1/n0/base	165	20.0		0.0	0.0	795.0	974.0	OK
worker2/PPCC/candle/s2/j1/n1/base	190	20.0		0.0	0.0	780.0	970.0	OK
worker2/PPCC/candle/s2/j3/n0/base	360	20.0		0.0	0.0	794.0	960.0	OK
worker2/PPCC/candle/s2/j3/n1/base	158	20.0		0.0	0.0	787.0	968.0	OK
worker2/PPCC/candle/s2/j3/n2/base	360	20.0		0.0	0.0	781.0	966.0	OK
worker2/PPCC/candle/s2/j3/n3/base	115	20.0		0.0	0.0	779.0	973.0	OK
worker2/PPCC/candle/s2/j2/n1/base	360	20.0		0.0	0.0	809.0	975.0	OK
worker2/PPCC/candle/s2/j2/n2/base	360	20.0		0.0	0.0	815.0	976.0	OK
worker2/PPCC/candle/s2/j2/n3/base	205	20.0		0.0	0.0	799.0	980.0	OK
worker2/PPCC/candle/s2/j2/n4/base	120	20.0		0.0	0.0	778.0	981.0	OK
worker2/PPCC/candle/s2/j3/n4/base	198	20.0		0.0	0.0	784.0	966.0	OK
worker2/PPCC/candle/s2/j4/n0/base	360	20.0		0.0	0.0	800.0	958.0	OK
worker2/PPCC/candle/s2/j4/n1/base	108	20.0		0.0	0.0	786.0	927.0	OK
worker2/PPCC/candle/s2/j4/n2/base	205	20.0		0.0	0.0	780.0	951.0	OK
worker2/PPCC/candle/s2/j4/n3/base	105	20.0		0.0	0.0	781.0	926.0	OK
worker2/PPCC/candle/s2/j4/n4/base	98	20.0		0.0	0.0	785.0	941.0	OK
worker2/PPCC/jug/s0/j0/n0/base	360	20.0		0.0	0.0	882.0	1013.0	OK
worker2/PPCC/jug/s0/j0/n1/base	360	20.0		0.0	0.0	864.0	1031.0	OK
worker2/PPCC/jug/s0/j1/n1/base	360	20.0		0.0	0.0	919.0	1051.0	OK
worker2/PPCC/jug/s0/j1/n2/base	360	20.0		0.0	0.0	916.0	1060.0	OK
worker2/PPCC/jug/s0/j1/n3/base	360	20.0		0.0	0.0	915.0	1070.0	OK
worker2/PPCC/jug/s0/j1/n4/base	360	20.0		0.0	0.0	920.0	1078.0	OK
worker2/PPCC/jug/s0/j2/n0/base	360	20.0		0.0	0.0	895.0	1107.0	OK
worker2/PPCC/jug/s0/j2/n1/base	360	20.0		0.0	0.0	862.0	1074.0	OK
worker2/PPCC/jug/s0/j2/n2/base	360	20.0		0.0	0.0	915.0	1105.0	OK
worker2/PPCC/jug/s0/j2/n3/base	360	20.0		0.0	0.0	855.0	1126.0	OK
worker2/PPCC/jug/s0/j4/n2/base	360	20.0		0.0	0.0	854.0	999.0	OK
worker2/PPCC/jug/s0/j4/n3/base	360	20.0		0.0	0.0	982.0	1109.0	OK
worker2/PPCC/jug/s0/j4/n4/base	103	20.0		0.0	0.0	854.0	1013.0	OK
worker2/PPCC/jug/s1/j0/n0/base	360	20.0		0.0	0.0	1166.0	1520.0	OK
worker2/PPCC/jug/s0/j0/n2/base	360	20.0		0.0	0.0	847.0	1040.0	OK
worker2/PPCC/jug/s0/j0/n3/base	360	20.0		0.0	0.0	870.0	1059.0	OK
worker2/PPCC/jug/s0/j0/n4/base	360	20.0		0.0	0.0	801.0	1031.0	OK
worker2/PPCC/jug/s0/j1/n0/base	360	20.0		0.0	0.0	916.0	1065.0	OK
worker2/PPCC/jug/s0/j3/n3/base	360	20.0		0.0	0.0	952.0	1080.0	OK
worker2/PPCC/jug/s0/j3/n4/base	360	20.0		0.0	0.0	952.0	1078.0	OK
worker2/PPCC/jug/s0/j4/n0/base	360	20.0		0.0	0.0	926.0	1096.0	OK
worker2/PPCC/jug/s0/j4/n1/base	360	20.0		0.0	0.0	873.0	1009.0	OK
worker2/PPCC/jug/s1/j1/n0/base	360	20.0		0.0	0.0	1148.0	1454.0	OK
worker2/PPCC/jug/s1/j1/n1/base	360	20.0		0.0	0.0	1215.0	1475.0	OK
worker2/PPCC/jug/s1/j1/n2/base	360	20.0		0.0	0.0	1147.0	1400.0	OK
worker2/PPCC/jug/s1/j1/n3/base	360	20.0		0.0	0.0	1221.0	1387.0	OK
worker2/PPCC/jug/s0/j2/n4/base	360	20.0		0.0	0.0	849.0	1104.0	OK
worker2/PPCC/jug/s0/j3/n0/base	360	20.0		0.0	0.0	970.0	1099.0	OK
worker2/PPCC/jug/s0/j3/n1/base	360	20.0		0.0	0.0	940.0	1076.0	OK
worker2/PPCC/jug/s0/j3/n2/base	105	20.0		0.0	0.0	843.0	996.0	OK
worker2/PPCC/jug/s1/j1/n4/base	295	20.0		0.0	0.0	1060.0	1314.0	OK
worker2/PPCC/jug/s1/j2/n0/base	360	20.0		0.0	0.0	1154.0	1421.0	OK
worker2/PPCC/jug/s1/j2/n1/base	360	20.0		0.0	0.0	1127.0	1473.0	OK
worker2/PPCC/jug/s1/j2/n2/base	360	20.0		0.0	0.0	1124.0	1431.0	OK
worker2/PPCC/jug/s1/j2/n3/base	360	20.0		0.0	0.0	1119.0	1390.0	OK
worker2/PPCC/jug/s1/j2/n4/base	360	20.0		0.0	0.0	1110.0	1331.0	OK
worker2/PPCC/jug/s1/j3/n0/base	333	20.0		0.0	0.0	1155.0	1450.0	OK
worker2/PPCC/jug/s1/j3/n1/base	220	20.0		0.0	0.0	1158.0	1495.0	OK
worker2/PPCC/jug/s1/j3/n2/base	360	20.0		0.0	0.0	1127.0	1414.0	OK
worker2/PPCC/jug/s1/j3/n3/base	360	20.0		0.0	0.0	1140.0	1374.0	OK
worker2/PPCC/jug/s1/j3/n4/base	125	20.0		0.0	0.0	1060.0	1329.0	OK
worker2/PPCC/jug/s1/j4/n0/base	215	20.0		0.0	0.0	1102.0	1432.0	OK
worker2/PPCC/jug/s1/j0/n1/base	360	20.0		0.0	0.0	1131.0	1497.0	OK
worker2/PPCC/jug/s1/j0/n2/base	360	20.0		0.0	0.0	1106.0	1464.0	OK
worker2/PPCC/jug/s1/j0/n3/base	360	20.0		0.0	0.0	1120.0	1441.0	OK
worker2/PPCC/jug/s1/j0/n4/base	360	20.0		0.0	0.0	1112.0	1342.0	OK
worker2/PPCC/jug/s1/j4/n1/base	140	20.0		0.0	0.0	1083.0	1432.0	OK
worker2/PPCC/jug/s1/j4/n2/base	213	20.0		0.0	0.0	1071.0	1403.0	OK
worker2/PPCC/jug/s1/j4/n3/base	203	20.0		0.0	0.0	1059.0	1376.0	OK
worker2/PPCC/jug/s1/j4/n4/base	203	20.0		0.0	0.0	1046.0	1294.0	OK
worker2/PPCC/jug/s2/j0/n0/base	360	20.0		0.0	0.0	868.0	1005.0	OK
worker2/PPCC/jug/s2/j0/n1/base	360	20.0		0.0	0.0	891.0	1001.0	OK
worker2/PPCC/jug/s2/j0/n2/base	360	20.0		0.0	0.0	872.0	1002.0	OK
worker2/PPCC/jug/s2/j0/n3/base	360	20.0		0.0	0.0	857.0	1012.0	OK
worker2/PPCC/jug/s2/j1/n3/base	360	20.0		0.0	0.0	832.0	1001.0	OK
worker2/PPCC/jug/s2/j1/n4/base	360	20.0		0.0	0.0	852.0	1011.0	OK
worker2/PPCC/jug/s2/j2/n0/base	360	20.0		0.0	0.0	689.0	1032.0	OK
worker2/PPCC/jug/s2/j2/n1/base	108	20.0		0.0	0.0	859.0	1040.0	OK
worker2/PPCC/jug/s2/j2/n2/base	360	20.0		0.0	0.0	778.0	1027.0	OK
worker2/PPCC/jug/s2/j2/n3/base	200	20.0		0.0	0.0	826.0	1038.0	OK
worker2/PPCC/jug/s2/j2/n4/base	360	20.0		0.0	0.0	740.0	1020.0	OK
worker2/PPCC/jug/s2/j3/n0/base	360	20.0		0.0	0.0	813.0	973.0	OK
worker2/PPCC/jug/s2/j3/n1/base	360	20.0		0.0	0.0	805.0	980.0	OK
worker2/PPCC/jug/s2/j3/n2/base	360	20.0		0.0	0.0	822.0	979.0	OK
worker2/PPCC/jug/s2/j3/n3/base	360	20.0		0.0	0.0	834.0	1002.0	OK
worker2/PPCC/jug/s2/j3/n4/base	360	20.0		0.0	0.0	801.0	984.0	OK
worker2/PPCC/jug/s2/j0/n4/base	360	20.0		0.0	0.0	895.0	1015.0	OK
worker2/PPCC/jug/s2/j1/n0/base	360	20.0		0.0	0.0	757.0	1009.0	OK
worker2/PPCC/jug/s2/j1/n1/base	360	20.0		0.0	0.0	847.0	1011.0	OK
worker2/PPCC/jug/s2/j1/n2/base	360	20.0		0.0	0.0	770.0	1005.0	OK
worker2/PPCC/jug/s2/j4/n0/base	360	20.0		0.0	0.0	842.0	1008.0	OK
worker2/PPCC/jug/s2/j4/n1/base	360	20.0		0.0	0.0	882.0	1019.0	OK
worker2/PPCC/jug/s2/j4/n2/base	360	20.0		0.0	0.0	882.0	1021.0	OK
worker2/PPCC/jug/s2/j4/n3/base	360	20.0		0.0	0.0	867.0	1019.0	OK
worker2/PPCC/marshmallow/s0/j0/n3/base	115	20.0		0.0	0.0	859.0	1014.0	OK
worker2/PPCC/marshmallow/s0/j0/n4/base	128	20.0		0.0	0.0	849.0	1022.0	OK
worker2/PPCC/marshmallow/s0/j1/n0/base	103	20.0		0.0	0.0	823.0	1003.0	OK
worker2/PPCC/marshmallow/s0/j1/n1/base	98	20.0		0.0	0.0	829.0	992.0	OK
worker2/PPCC/jug/s2/j4/n4/base	360	20.0		0.0	0.0	877.0	1022.0	OK
worker2/PPCC/marshmallow/s0/j0/n0/base	120	20.0		0.0	0.0	861.0	1008.0	OK
worker2/PPCC/marshmallow/s0/j0/n1/base	138	20.0		0.0	0.0	860.0	1038.0	OK
worker2/PPCC/marshmallow/s0/j0/n2/base	108	20.0		0.0	0.0	861.0	1008.0	OK
worker2/PPCC/marshmallow/s0/j3/n4/base	125	20.0		0.0	0.0	828.0	1035.0	OK
worker2/PPCC/marshmallow/s0/j4/n0/base	103	20.0		0.0	0.0	842.0	1045.0	OK
worker2/PPCC/marshmallow/s0/j4/n1/base	100	20.0		0.0	0.0	833.0	1039.0	OK
worker2/PPCC/marshmallow/s0/j4/n2/base	98	20.0		0.0	0.0	840.0	1045.0	OK
worker2/PPCC/marshmallow/s0/j2/n1/base	118	20.0		0.0	0.0	809.0	996.0	OK
worker2/PPCC/marshmallow/s0/j2/n2/base	115	20.0		0.0	0.0	806.0	993.0	OK
worker2/PPCC/marshmallow/s0/j2/n3/base	115	20.0		0.0	0.0	814.0	991.0	OK
worker2/PPCC/marshmallow/s0/j2/n4/base	113	20.0		0.0	0.0	811.0	985.0	OK
worker2/PPCC/marshmallow/s0/j1/n2/base	105	20.0		0.0	0.0	809.0	995.0	OK
worker2/PPCC/marshmallow/s0/j1/n3/base	93	20.0		0.0	0.0	817.0	996.0	OK
worker2/PPCC/marshmallow/s0/j1/n4/base	103	20.0		0.0	0.0	815.0	1000.0	OK
worker2/PPCC/marshmallow/s0/j2/n0/base	120	20.0		0.0	0.0	819.0	991.0	OK
worker2/PPCC/marshmallow/s0/j3/n0/base	138	20.0		0.0	0.0	855.0	1027.0	OK
worker2/PPCC/marshmallow/s0/j3/n1/base	135	20.0		0.0	0.0	847.0	1032.0	OK
worker2/PPCC/marshmallow/s0/j3/n2/base	133	20.0		0.0	0.0	843.0	1043.0	OK
worker2/PPCC/marshmallow/s0/j3/n3/base	123	20.0		0.0	0.0	842.0	1028.0	OK
worker2/PPCC/marshmallow/s0/j4/n3/base	100	20.0		0.0	0.0	827.0	1036.0	OK
worker2/PPCC/marshmallow/s0/j4/n4/base	93	20.0		0.0	0.0	845.0	1019.0	OK
worker2/PPCC/marshmallow/s1/j0/n0/base	360	20.0		0.0	0.514	3143.0	4986.0	NOISE
worker2/PPCC/marshmallow/s1/j0/n1/base	360	20.0		0.0	0.433	2804.0	5237.0	NOISE
worker2/PPCC/marshmallow/s1/j0/n2/base	360	20.0		0.0	0.361	2537.0	4934.0	NOISE
worker2/PPCC/marshmallow/s1/j0/n3/base	360	20.0		0.0	0.403	2643.0	4762.0	NOISE
worker2/PPCC/marshmallow/s1/j0/n4/base	360	20.0		0.0	0.383	2758.0	5312.0	NOISE
worker2/PPCC/marshmallow/s1/j1/n0/base	360	20.0		0.0	0.386	2957.0	4674.0	NOISE
worker2/PPCC/marshmallow/s1/j1/n1/base	360	20.0		0.0	0.397	2666.0	4488.0	NOISE
worker2/PPCC/marshmallow/s1/j1/n2/base	360	20.0		0.0	0.353	2692.0	4537.0	NOISE
worker2/PPCC/marshmallow/s1/j1/n3/base	360	20.0		0.0	0.353	2760.0	4521.0	NOISE
worker2/PPCC/marshmallow/s1/j1/n4/base	360	20.0		0.0	0.333	2541.0	4664.0	NOISE
worker2/PPCC/marshmallow/s1/j2/n0/base	360	20.0		0.0	0.478	2987.0	5182.0	NOISE
worker2/PPCC/marshmallow/s1/j2/n1/base	360	20.0		0.0	0.519	2949.0	5236.0	NOISE
worker2/PPCC/marshmallow/s1/j2/n2/base	360	20.0		0.0	0.458	2812.0	5046.0	NOISE
worker2/PPCC/marshmallow/s1/j2/n3/base	360	20.0		0.0	0.55	3117.0	5025.0	NOISE
worker2/PPCC/marshmallow/s1/j2/n4/base	360	20.0		0.0	0.489	2975.0	4965.0	NOISE
worker2/PPCC/marshmallow/s1/j3/n0/base	360	20.0		0.0	0.297	2710.0	4150.0	NOISE
worker2/PPCC/marshmallow/s1/j3/n1/base	360	20.0		0.0	0.378	2802.0	4475.0	NOISE
worker2/PPCC/marshmallow/s1/j3/n2/base	360	20.0		0.0	0.278	2593.0	4000.0	NOISE
worker2/PPCC/marshmallow/s1/j3/n3/base	360	20.0		0.0	0.158	2718.0	4063.0	NOISE
worker2/PPCC/marshmallow/s1/j3/n4/base	360	20.0		0.0	0.158	2729.0	4114.0	NOISE
worker2/PPCC/marshmallow/s1/j4/n0/base	360	20.0		0.0	0.372	2473.0	4259.0	NOISE
worker2/PPCC/marshmallow/s1/j4/n1/base	360	20.0		0.0	0.414	2480.0	4615.0	NOISE
worker2/PPCC/marshmallow/s1/j4/n2/base	360	20.0		0.0	0.397	2524.0	4188.0	NOISE
worker2/PPCC/marshmallow/s1/j4/n3/base	360	20.0		0.0	0.394	2738.0	4891.0	NOISE
worker2/PPCC/marshmallow/s1/j4/n4/base	360	20.0		0.0	0.392	2652.0	4744.0	NOISE
worker2/PPCC/marshmallow/s2/j0/n0/base	113	20.0		0.0	0.0	801.0	1015.0	OK
worker2/PPCC/marshmallow/s2/j0/n1/base	120	20.0		0.0	0.0	798.0	1012.0	OK
worker2/PPCC/marshmallow/s2/j0/n2/base	118	20.0		0.0	0.0	791.0	1014.0	OK
worker2/PPCC/marshmallow/s2/j0/n3/base	128	20.0		0.0	0.0	794.0	1001.0	OK
worker2/PPCC/marshmallow/s2/j0/n4/base	103	20.0		0.0	0.0	789.0	1013.0	OK
worker2/PPCC/marshmallow/s2/j2/n3/base	130	20.0		0.0	0.0	789.0	1027.0	OK
worker2/PPCC/marshmallow/s2/j2/n4/base	120	20.0		0.0	0.0	796.0	1015.0	OK
worker2/PPCC/marshmallow/s2/j3/n0/base	113	20.0		0.0	0.0	761.0	922.0	OK
worker2/PPCC/marshmallow/s2/j3/n1/base	110	20.0		0.0	0.0	776.0	943.0	OK
worker2/PPCC/marshmallow/s2/j1/n4/base	113	20.0		0.0	0.0	781.0	1014.0	OK
worker2/PPCC/marshmallow/s2/j2/n0/base	118	20.0		0.0	0.0	796.0	1002.0	OK
worker2/PPCC/marshmallow/s2/j2/n1/base	118	20.0		0.0	0.0	801.0	1035.0	OK
worker2/PPCC/marshmallow/s2/j2/n2/base	123	20.0		0.0	0.0	787.0	1004.0	OK
worker2/PPCC/marshmallow/s2/j1/n0/base	318	20.0		0.0	0.0	824.0	1022.0	OK
worker2/PPCC/marshmallow/s2/j1/n1/base	118	20.0		0.0	0.0	793.0	1019.0	OK
worker2/PPCC/marshmallow/s2/j1/n2/base	118	20.0		0.0	0.0	787.0	1022.0	OK
worker2/PPCC/marshmallow/s2/j1/n3/base	125	20.0		0.0	0.0	795.0	1023.0	OK
worker2/PPCC/marshmallow/s2/j3/n2/base	108	20.0		0.0	0.0	762.0	932.0	OK
worker2/PPCC/marshmallow/s2/j3/n3/base	105	20.0		0.0	0.0	763.0	950.0	OK
worker2/PPCC/marshmallow/s2/j3/n4/base	103	20.0		0.0	0.0	764.0	921.0	OK
worker2/PPCC/marshmallow/s2/j4/n0/base	110	20.0		0.0	0.0	776.0	1057.0	OK
worker2/PPCC/marshmallow/s2/j4/n1/base	98	20.0		0.0	0.0	797.0	1056.0	OK
worker2/PPCC/marshmallow/s2/j4/n2/base	93	20.0		0.0	0.0	801.0	1053.0	OK
worker2/PPCC/marshmallow/s2/j4/n3/base	98	20.0		0.0	0.0	791.0	1057.0	OK
worker2/PPCC/marshmallow/s2/j4/n4/base	98	20.0		0.0	0.0	793.0	1059.0	OK
